src1_sf,src2_sf,tgt_sf
nɡ,nɡ,ɾb
nɡ,nɡ,ɾb
nɡ,nɡ,ɾb
nɡ,nɡ,ɾb
nɡ,nɡ,ɾb
nɡ,n,n
nɡ,n,ɾb
nɡ,n,n
nɡ,n,nɡ
nɡ,n,n
nɡ,nɡ,ɾb
nɡ,nɡ,ɾb
nɡ,nɡ,ɾb
nɡ,nɡ,ɾb
nɡ,n,ɾb
nɡ,n,ɾb
nɡ,n,ɾb
nɡ,n,n
nɡ,n,ɾb
nɡ,nɡ,ɾb
nɡ,nɡ,ɾb
nɡ,nɡ,ɾb
nɡ,n,ɾb
nɡ,n,ɾb
nɡ,n,ɾb
nɡ,n,n
nɡ,n,ɾb
nɡ,nɡ,ɾb
nɡ,nɡ,ɾb
nɡ,n,ɾb
nɡ,n,ɾb
nɡ,n,ɾb
nɡ,n,ɾb
nɡ,n,ɾb
nɡ,nɡ,ɾb
nɡ,n,ɾb
nɡ,n,ɾb
nɡ,n,ɾb
nɡ,n,ɾb
nɡ,n,ɾb
nɡ,n,ɾb
nɡ,n,ɾb
nɡ,n,ɾb
nɡ,n,ɾb
nɡ,n,ɾb
n,n,ɾb
n,n,ɾb
n,n,n
n,n,n
n,n,ɾb
n,n,ɾb
n,n,ɾb
n,n,ɾbj
n,n,ɾbj
n,n,ɾbj
nɡ,nɡ,ɾb
nɡ,nɡ,nɡ
nɡ,nɡ,ɾb
nɡ,nɡ,ɾb
nɡ,nɡ,ɾb
nɡ,n,n
nɡ,n,n
nɡ,n,ɾb
nɡ,n,ɾb
nɡ,n,ɾb
nɡ,nɡ,ɾb
nɡ,nɡ,ɾb
nɡ,nɡ,ɾb
nɡ,nɡ,ɾb
nɡ,n,n
nɡ,n,ɾb
nɡ,n,ɾb
nɡ,n,ɾb
nɡ,n,ɾb
nɡ,nɡ,ɾb
nɡ,nɡ,ɾb
nɡ,nɡ,ɾb
nɡ,n,n
nɡ,n,ɾb
nɡ,n,ɾb
nɡ,n,ɾb
nɡ,n,ɾb
nɡ,nɡ,ɾb
nɡ,nɡ,ɾb
nɡ,n,ɾb
nɡ,n,ɾb
nɡ,n,ɾb
nɡ,n,ɾb
nɡ,n,ɾb
nɡ,nɡ,ɾb
nɡ,n,ɾb
nɡ,n,ɾb
nɡ,n,ɾb
nɡ,n,ɾb
nɡ,n,ɾb
nɡ,n,ɾb
nɡ,n,ɾb
nɡ,n,ɾb
nɡ,n,ɾb
nɡ,n,ɾb
n,n,ɾb
n,n,ɾb
n,n,ɾb
n,n,ɾb
n,n,ɾb
n,n,ɾb
n,n,ɾb
n,n,ɾbj
n,n,ɾbj
n,n,ɾbj
nɡ,nɡ,nɡ
nɡ,nɡ,nɡ
nɡ,nɡ,nɡ
nɡ,nɡ,nɡ
nɡ,nɡ,nɡ
nɡ,n,n
nɡ,n,ɾb
nɡ,n,ɾb
nɡ,n,ɾb
nɡ,n,ɾb
nɡ,nɡ,nɡ
nɡ,nɡ,nɡ
nɡ,nɡ,nɡ
nɡ,nɡ,nɡ
nɡ,n,n
nɡ,n,n
nɡ,n,n
nɡ,n,ɾb
nɡ,n,n
nɡ,nɡ,n
nɡ,nɡ,n
nɡ,nɡ,nɡ
nɡ,n,n
nɡ,n,ɾb
nɡ,n,ɾb
nɡ,n,ɾb
nɡ,n,ɾb
nɡ,nɡ,n
nɡ,nɡ,ɾb
nɡ,n,n
nɡ,n,ɾb
nɡ,n,ɾb
nɡ,n,ɾb
nɡ,n,ɾb
nɡ,nɡ,ɾb
nɡ,n,n
nɡ,n,ɾb
nɡ,n,ɾb
nɡ,n,ɾb
nɡ,n,ɾb
nɡ,n,n
nɡ,n,ɾb
nɡ,n,ɾb
nɡ,n,ɾb
nɡ,n,ɾb
n,n,ɾb
n,n,n
n,n,n
n,n,n
n,n,ɾb
n,n,n
n,n,ɾb
n,n,ɾbj
n,n,ɾbj
n,n,ɾbj
nɡ,nɡ,nɡ
nɡ,nɡ,nɡ
nɡ,nɡ,nɡ
nɡ,nɡ,nɡ
nɡ,nɡ,nɡ
nɡ,n,n
nɡ,n,ɾb
nɡ,n,ɾb
nɡ,n,nɡ
nɡ,n,ɾb
nɡ,nɡ,nɡ
nɡ,nɡ,nɡ
nɡ,nɡ,nɡ
nɡ,nɡ,nɡ
nɡ,n,n
nɡ,n,n
nɡ,n,n
nɡ,n,nɡ
nɡ,n,ɾb
nɡ,nɡ,nɡ
nɡ,nɡ,nɡ
nɡ,nɡ,nɡ
nɡ,n,n
nɡ,n,ɾb
nɡ,n,ɾb
nɡ,n,ɾb
nɡ,n,ɾb
nɡ,nɡ,n
nɡ,nɡ,ɾb
nɡ,n,n
nɡ,n,ɾb
nɡ,n,ɾb
nɡ,n,ɾb
nɡ,n,ɾb
nɡ,nɡ,n
nɡ,n,n
nɡ,n,ɾb
nɡ,n,ɾb
nɡ,n,ɾb
nɡ,n,ɾb
nɡ,n,ɾb
nɡ,n,ɾb
nɡ,n,ɾb
nɡ,n,ɾb
nɡ,n,ɾb
n,n,ɾb
n,n,ɾb
n,n,n
n,n,n
n,n,ɾb
n,n,ɾb
n,n,ɾb
n,n,ɾbj
n,n,ɾbj
n,n,ɾbj
nɡ,nɡ,nɡ
nɡ,nɡ,nɡ
nɡ,nɡ,nɡ
nɡ,nɡ,nɡ
nɡ,nɡ,nɡ
nɡ,n,n
nɡ,n,n
nɡ,n,ɾb
nɡ,n,ɾb
nɡ,n,ɾb
nɡ,nɡ,nɡ
nɡ,nɡ,nɡ
nɡ,nɡ,nɡ
nɡ,nɡ,nɡ
nɡ,n,n
nɡ,n,n
nɡ,n,ɾb
nɡ,n,nɡ
nɡ,n,n
nɡ,nɡ,nɡ
nɡ,nɡ,n
nɡ,nɡ,nɡ
nɡ,n,n
nɡ,n,ɾb
nɡ,n,ɾb
nɡ,n,ɾb
nɡ,n,ɾb
nɡ,nɡ,n
nɡ,nɡ,nɡ
nɡ,n,n
nɡ,n,ɾb
nɡ,n,ɾb
nɡ,n,ɾb
nɡ,n,ɾb
nɡ,nɡ,n
nɡ,n,n
nɡ,n,ɾb
nɡ,n,ɾb
nɡ,n,ɾb
nɡ,n,ɾb
nɡ,n,n
nɡ,n,ɾb
nɡ,n,ɾb
nɡ,n,ɾb
nɡ,n,ɾb
n,n,n
n,n,n
n,n,n
n,n,n
n,n,n
n,n,ɾb
n,n,ɾb
n,n,ɾbj
n,n,ɾbj
n,n,ɾbj
nɡ,nɡ,nɡ
nɡ,nɡ,nɡ
nɡ,nɡ,nɡ
nɡ,nɡ,nɡ
nɡ,nɡ,nɡ
nɡ,n,n
nɡ,n,n
nɡ,n,ɾb
nɡ,n,ɾb
nɡ,n,ɾb
nɡ,nɡ,nɡ
nɡ,nɡ,nɡ
nɡ,nɡ,nɡ
nɡ,nɡ,nɡ
nɡ,n,n
nɡ,n,n
nɡ,n,ɾb
nɡ,n,nɡ
nɡ,n,n
nɡ,nɡ,nɡ
nɡ,nɡ,n
nɡ,nɡ,nɡ
nɡ,n,n
nɡ,n,ɾb
nɡ,n,n
nɡ,n,ɾb
nɡ,n,ɾb
nɡ,nɡ,n
nɡ,nɡ,nɡ
nɡ,n,n
nɡ,n,ɾb
nɡ,n,n
nɡ,n,ɾb
nɡ,n,ɾb
nɡ,nɡ,n
nɡ,n,n
nɡ,n,ɾb
nɡ,n,ɾb
nɡ,n,ɾb
nɡ,n,ɾb
nɡ,n,n
nɡ,n,ɾb
nɡ,n,ɾb
nɡ,n,ɾb
nɡ,n,ɾb
n,n,n
n,n,n
n,n,n
n,n,n
n,n,n
n,n,ɾb
n,n,ɾb
n,n,ɾbj
n,n,ɾbj
n,n,ɾbj
nɡ,nɡ,nɡ
nɡ,nɡ,nɡ
nɡ,nɡ,nɡ
nɡ,nɡ,nɡ
nɡ,nɡ,nɡ
nɡ,n,n
nɡ,n,ɾb
nɡ,n,n
nɡ,n,nɡ
nɡ,n,ɾb
nɡ,nɡ,nɡ
nɡ,nɡ,nɡ
nɡ,nɡ,nɡ
nɡ,nɡ,nɡ
nɡ,n,n
nɡ,n,n
nɡ,n,nɡ
nɡ,n,nɡ
nɡ,n,nɡ
nɡ,nɡ,nɡ
nɡ,nɡ,nɡ
nɡ,nɡ,nɡ
nɡ,n,n
nɡ,n,ɾb
nɡ,n,n
nɡ,n,nɡ
nɡ,n,ɾb
nɡ,nɡ,nɡ
nɡ,nɡ,nɡ
nɡ,n,n
nɡ,n,ɾb
nɡ,n,n
nɡ,n,nɡ
nɡ,n,ɾb
nɡ,nɡ,nɡ
nɡ,n,ɾb
nɡ,n,ɾb
nɡ,n,n
nɡ,n,ɾb
nɡ,n,ɾb
nɡ,n,ɾb
nɡ,n,ɾb
nɡ,n,n
nɡ,n,ɾb
nɡ,n,ɾb
n,n,n
n,n,n
n,n,n
n,n,n
n,n,n
n,n,n
n,n,n
n,n,ɾbj
n,n,ɾbj
n,n,ɾbj
nɡ,nɡ,nɡ
nɡ,nɡ,nɡ
nɡ,nɡ,nɡ
nɡ,nɡ,ɾb
nɡ,nɡ,ɾb
nɡ,nɡ,ɾb
nɡ,n,ɾb
nɡ,n,ɾb
nɡ,n,ɾb
nɡ,n,ɾb
nɡ,nɡ,nɡ
nɡ,nɡ,nɡ
nɡ,nɡ,ɾb
nɡ,nɡ,ɾb
nɡ,nɡ,ɾb
nɡ,n,n
nɡ,n,ɾb
nɡ,n,ɾb
nɡ,n,ɾb
nɡ,nɡ,ɾb
nɡ,nɡ,ɾb
nɡ,nɡ,ɾb
nɡ,nɡ,ɾb
nɡ,n,ɾb
nɡ,n,ɾb
nɡ,n,ɾb
nɡ,n,ɾb
nɡ,nɡ,ɾb
nɡ,nɡ,ɾb
nɡ,nɡ,ɾb
nɡ,n,ɾb
nɡ,n,ɾb
nɡ,n,ɾb
nɡ,n,ɾb
nɡ,nɡ,ɾb
nɡ,nɡ,ɾb
nɡ,n,ɾb
nɡ,n,ɾb
nɡ,n,ɾb
nɡ,n,ɾb
nɡ,nɡ,ɾb
nɡ,n,ɾb
nɡ,n,ɾb
nɡ,n,ɾb
nɡ,n,ɾb
nɡ,n,ɾb
nɡ,n,ɾb
nɡ,n,ɾb
nɡ,n,ɾb
n,n,ɾb
n,n,ɾb
n,n,ɾb
n,n,ɾbj
n,n,ɾbj
n,n,ɾbj
nɡ,nɡ,nɡ
nɡ,nɡ,ɾb
nɡ,nɡ,ɾb
nɡ,nɡ,ɾb
nɡ,nɡ,ɾb
nɡ,nɡ,ɾb
nɡ,n,n
nɡ,n,ɾb
nɡ,n,ɾb
nɡ,n,ɾb
nɡ,nɡ,nɡ
nɡ,nɡ,ɾb
nɡ,nɡ,nɡ
nɡ,nɡ,nɡ
nɡ,nɡ,nɡ
nɡ,n,n
nɡ,n,ɾb
nɡ,n,ɾb
nɡ,n,ɾb
nɡ,nɡ,ɾb
nɡ,nɡ,ɾb
nɡ,nɡ,ɾb
nɡ,nɡ,ɾb
nɡ,n,ɾb
nɡ,n,ɾb
nɡ,n,ɾb
nɡ,n,ɾb
nɡ,nɡ,ɾb
nɡ,nɡ,ɾb
nɡ,nɡ,ɾb
nɡ,n,ɾb
nɡ,n,ɾb
nɡ,n,ɾb
nɡ,n,ɾb
nɡ,nɡ,ɾb
nɡ,nɡ,ɾb
nɡ,n,ɾb
nɡ,n,ɾb
nɡ,n,ɾb
nɡ,n,ɾb
nɡ,nɡ,ɾb
nɡ,n,ɾb
nɡ,n,ɾb
nɡ,n,ɾb
nɡ,n,ɾb
nɡ,n,ɾb
nɡ,n,ɾb
nɡ,n,ɾb
nɡ,n,ɾb
n,n,ɾb
n,n,ɾb
n,n,ɾb
n,n,ɾbj
n,n,ɾbj
n,n,ɾbj
nɡ,nɡ,nɡ
nɡ,nɡ,nɡ
nɡ,nɡ,nɡ
nɡ,nɡ,nɡ
nɡ,nɡ,nɡ
nɡ,nɡ,nɡ
nɡ,n,n
nɡ,n,ɾb
nɡ,n,ɾb
nɡ,n,ɾb
nɡ,nɡ,nɡ
nɡ,nɡ,nɡ
nɡ,nɡ,nɡ
nɡ,nɡ,nɡ
nɡ,nɡ,nɡ
nɡ,n,n
nɡ,n,n
nɡ,n,nɡ
nɡ,n,n
nɡ,nɡ,nɡ
nɡ,nɡ,nɡ
nɡ,nɡ,nɡ
nɡ,nɡ,nɡ
nɡ,n,n
nɡ,n,ɾb
nɡ,n,ɾb
nɡ,n,ɾb
nɡ,nɡ,nɡ
nɡ,nɡ,nɡ
nɡ,nɡ,nɡ
nɡ,n,n
nɡ,n,ɾb
nɡ,n,ɾb
nɡ,n,ɾb
nɡ,nɡ,nɡ
nɡ,nɡ,nɡ
nɡ,n,n
nɡ,n,ɾb
nɡ,n,ɾb
nɡ,n,ɾb
nɡ,nɡ,nɡ
nɡ,n,n
nɡ,n,ɾb
nɡ,n,ɾb
nɡ,n,ɾb
nɡ,n,n
nɡ,n,ɾb
nɡ,n,ɾb
nɡ,n,ɾb
n,n,ɾb
n,n,n
n,n,n
n,n,n
n,n,ɾb
n,n,ɾbj
nɡ,nɡ,nɡ
nɡ,nɡ,nɡ
nɡ,nɡ,nɡ
nɡ,nɡ,nɡ
nɡ,nɡ,nɡ
nɡ,nɡ,nɡ
nɡ,n,n
nɡ,n,ɾb
nɡ,n,n
nɡ,n,n
nɡ,nɡ,nɡ
nɡ,nɡ,nɡ
nɡ,nɡ,nɡ
nɡ,nɡ,nɡ
nɡ,nɡ,nɡ
nɡ,n,n
nɡ,n,n
nɡ,n,n
nɡ,n,n
nɡ,nɡ,nɡ
nɡ,nɡ,n
nɡ,nɡ,n
nɡ,nɡ,nɡ
nɡ,n,n
nɡ,n,ɾb
nɡ,n,ɾb
nɡ,n,ɾb
nɡ,nɡ,nɡ
nɡ,nɡ,nɡ
nɡ,nɡ,nɡ
nɡ,n,n
nɡ,n,ɾb
nɡ,n,ɾb
nɡ,n,ɾb
nɡ,nɡ,n
nɡ,nɡ,ɾb
nɡ,n,n
nɡ,n,ɾb
nɡ,n,ɾb
nɡ,n,ɾb
nɡ,nɡ,ɾb
nɡ,n,n
nɡ,n,ɾb
nɡ,n,ɾb
nɡ,n,ɾb
nɡ,n,n
nɡ,n,ɾb
nɡ,n,ɾb
nɡ,n,ɾb
n,n,ɾb
n,n,n
n,n,n
n,n,ɾb
n,n,
n,n,ɾbj
nɡ,nɡ,nɡ
nɡ,nɡ,nɡ
nɡ,nɡ,nɡ
nɡ,nɡ,nɡ
nɡ,nɡ,nɡ
nɡ,nɡ,nɡ
nɡ,n,n
nɡ,n,n
nɡ,n,n
nɡ,n,nɡ
nɡ,nɡ,nɡ
nɡ,nɡ,nɡ
nɡ,nɡ,nɡ
nɡ,nɡ,nɡ
nɡ,nɡ,nɡ
nɡ,n,n
nɡ,n,n
nɡ,n,n
nɡ,n,n
nɡ,nɡ,nɡ
nɡ,nɡ,n
nɡ,nɡ,nɡ
nɡ,nɡ,nɡ
nɡ,n,n
nɡ,n,ɾb
nɡ,n,n
nɡ,n,ɾb
nɡ,nɡ,nɡ
nɡ,nɡ,nɡ
nɡ,nɡ,nɡ
nɡ,n,n
nɡ,n,ɾb
nɡ,n,n
nɡ,n,ɾb
nɡ,nɡ,n
nɡ,nɡ,n
nɡ,n,n
nɡ,n,ɾb
nɡ,n,ɾb
nɡ,n,ɾb
nɡ,nɡ,nɡ
nɡ,n,n
nɡ,n,ɾb
nɡ,n,ɾb
nɡ,n,ɾb
nɡ,n,n
nɡ,n,ɾb
nɡ,n,ɾb
nɡ,n,ɾb
n,n,n
n,n,n
n,n,n
n,n,n
n,n,n
n,n,ɾbj
s,s,
s,s,
s,s,s
s,sk,sk
s,sk,
s,sk,sk
s,sk,sk
s,sk,sk
s,sk,sk
s,sk,sk
s,s,s
s,s,s
s,sk,sk
s,sk,sk
s,sk,sk
s,sk,sk
s,sk,sk
s,sk,sk
s,sk,sk
s,s,s
s,sk,sk
s,sk,sk
s,sk,sk
s,sk,sk
s,sk,sk
s,sk,sk
s,sk,sk
s,sk,sj
s,sk,sk
s,sk,sk
s,sk,sk
s,sk,sk
s,sk,sk
s,sk,sk
sk,sk,k
sk,sk,k
sk,sk,ɾsk
sk,sk,ɾsk
sk,sk,ɾsk
sk,sk,k
sk,sk,k
sk,sk,k
sk,sk,k
sk,sk,k
sk,sk,k
sk,sk,sk
sk,sk,sk
sk,sk,sk
sk,sk,sk
sk,sk,sk
sk,sk,sk
sk,sk,sk
sk,sk,sk
sk,sk,sk
sk,sk,sk
s,s,
s,s,
s,s,
s,sk,ɾsk
s,sk,sk
s,sk,
s,sk,ɾsk
s,sk,
s,sk,
s,sk,
s,s,s
s,s,s
s,sk,s
s,sk,sk
s,sk,sk
s,sk,sk
s,sk,sk
s,sk,sk
s,sk,sk
s,s,s
s,sk,s
s,sk,sk
s,sk,sk
s,sk,sk
s,sk,sk
s,sk,sk
s,sk,sk
s,sk,s
s,sk,sk
s,sk,s
s,sk,sk
s,sk,sk
s,sk,sk
s,sk,sk
sk,sk,ɾsk
sk,sk,ɾsk
sk,sk,ɾsk
sk,sk,ɾsk
sk,sk,ɾsk
sk,sk,ɾsk
sk,sk,k
sk,sk,ɾsk
sk,sk,ɾsk
sk,sk,ɾsk
sk,sk,ɾsk
sk,sk,sk
sk,sk,sk
sk,sk,sk
sk,sk,sk
sk,sk,sk
sk,sk,sk
sk,sk,sk
sk,sk,sk
sk,sk,sk
sk,sk,sk
s,s,s
s,s,ɾs
s,s,ɾs
s,sk,sk
s,sk,
s,sk,sk
s,sk,sk
s,sk,sk
s,sk,sk
s,sk,sk
s,s,s
s,s,s
s,sk,sk
s,sk,sk
s,sk,sk
s,sk,sk
s,sk,sk
s,sk,sk
s,sk,sk
s,s,s
s,sk,sk
s,sk,s
s,sk,sk
s,sk,sk
s,sk,sk
s,sk,sk
s,sk,sk
s,sk,sj
s,sk,s
s,sk,sk
s,sk,sk
s,sk,sk
s,sk,sk
s,sk,ɾk
sk,sk,
sk,sk,
sk,sk,
sk,sk,
sk,sk,
sk,sk,
sk,sk,
sk,sk,
sk,sk,
sk,sk,
sk,sk,
sk,sk,sk
sk,sk,sk
sk,sk,sk
sk,sk,sk
sk,sk,sk
sk,sk,sk
sk,sk,sk
sk,sk,sk
sk,sk,sk
sk,sk,sk
s,s,
s,s,s
s,s,ɾs
s,sk,sk
s,sk,
s,sk,sk
s,sk,sk
s,sk,sk
s,sk,sk
s,sk,sk
s,s,s
s,s,s
s,sk,sk
s,sk,sk
s,sk,sk
s,sk,sk
s,sk,sk
s,sk,sk
s,sk,sk
s,s,s
s,sk,sj
s,sk,s
s,sk,sk
s,sk,sk
s,sk,sk
s,sk,sk
s,sk,sk
s,sk,sj
s,sk,s
s,sk,sk
s,sk,sk
s,sk,sk
s,sk,sk
s,sk,sk
sk,sk,
sk,sk,
sk,sk,
sk,sk,
sk,sk,
sk,sk,
sk,sk,
sk,sk,
sk,sk,
sk,sk,
sk,sk,
sk,sk,sk
sk,sk,sk
sk,sk,sk
sk,sk,sk
sk,sk,sk
sk,sk,sk
sk,sk,sk
sk,sk,sk
sk,sk,sk
sk,sk,sk
s,s,
s,s,s
s,s,ɾs
s,sk,
s,sk,
s,sk,sk
s,sk,sk
s,sk,sk
s,sk,sk
s,sk,sk
s,s,s
s,s,s
s,sk,sk
s,sk,sk
s,sk,sk
s,sk,sk
s,sk,sk
s,sk,sk
s,sk,sk
s,s,s
s,sk,sk
s,sk,s
s,sk,sk
s,sk,sk
s,sk,sk
s,sk,sk
s,sk,sk
s,sk,sk
s,sk,s
s,sk,sk
s,sk,sk
s,sk,sk
s,sk,sk
s,sk,sk
sk,sk,
sk,sk,
sk,sk,
sk,sk,
sk,sk,
sk,sk,
sk,sk,
sk,sk,
sk,sk,
sk,sk,
sk,sk,
sk,sk,sk
sk,sk,sk
sk,sk,sk
sk,sk,sk
sk,sk,sk
sk,sk,sk
sk,sk,sk
sk,sk,sk
sk,sk,sk
sk,sk,sk
s,s,
s,s,
s,s,s
s,s,s
s,sk,
s,sk,ɾsk
s,sk,sk
s,sk,sk
s,sk,sk
s,sk,sk
s,s,
s,s,
s,s,s
s,sk,sk
s,sk,sk
s,sk,sk
s,sk,sk
s,sk,sk
s,sk,sk
s,s,s
s,s,s
s,sk,sk
s,sk,sk
s,sk,sk
s,sk,sk
s,sk,sk
s,sk,sk
s,s,s
s,sk,sk
s,sk,sk
s,sk,sk
s,sk,sk
s,sk,sk
s,sk,sk
s,sk,sk
s,sk,sk
s,sk,sk
s,sk,sk
s,sk,sk
s,sk,sk
sk,sk,k
sk,sk,k
sk,sk,k
sk,sk,k
sk,sk,k
sk,sk,sk
sk,sk,sk
sk,sk,sk
sk,sk,sk
sk,sk,sk
sk,sk,sk
sk,sk,sk
sk,sk,sk
sk,sk,sk
sk,sk,sk
s,s,
s,s,
s,s,
s,s,
s,sk,ɾsk
s,sk,ɾsk
s,sk,ɾsk
s,sk,ɾsk
s,sk,ɾsk
s,sk,ɾsk
s,s,
s,s,
s,s,
s,sk,sk
s,sk,sk
s,sk,sk
s,sk,
s,sk,
s,sk,sk
s,s,s
s,s,s
s,sk,s
s,sk,sk
s,sk,sk
s,sk,sk
s,sk,sk
s,sk,sk
s,s,s
s,sk,s
s,sk,sk
s,sk,sk
s,sk,sk
s,sk,sk
s,sk,sk
s,sk,ɾk
s,sk,ɾk
s,sk,s
s,sk,ɾk
s,sk,ɾk
s,sk,ɾk
sk,sk,ɾsk
sk,sk,ɾsk
sk,sk,ɾsk
sk,sk,ɾsk
sk,sk,ɾsk
sk,sk,sk
sk,sk,sk
sk,sk,sk
sk,sk,sk
sk,sk,sk
sk,sk,sk
sk,sk,sk
sk,sk,sk
sk,sk,sk
sk,sk,sk
s,s,
s,s,ɾs
s,s,ɾs
s,s,ɾs
s,sk,sk
s,sk,
s,sk,sk
s,sk,sk
s,sk,sk
s,sk,sk
s,s,s
s,s,s
s,s,
s,sk,sk
s,sk,sk
s,sk,sk
s,sk,sk
s,sk,sk
s,sk,sk
s,s,s
s,s,s
s,sk,sk
s,sk,s
s,sk,sk
s,sk,sk
s,sk,sk
s,sk,sk
s,s,s
s,sk,sk
s,sk,s
s,sk,sk
s,sk,sk
s,sk,sk
s,sk,sk
s,sk,sj
s,sk,s
s,sk,sk
s,sk,sk
s,sk,sk
s,sk,ɾk
sk,sk,
sk,sk,
sk,sk,
sk,sk,
sk,sk,
sk,sk,
sk,sk,
sk,sk,
sk,sk,
sk,sk,sk
sk,sk,sk
sk,sk,sk
sk,sk,sk
sk,sk,sk
sk,sk,sk
s,s,
s,s,ɾs
s,s,ɾs
s,s,ɾs
s,sk,
s,sk,
s,sk,sk
s,sk,sk
s,sk,sk
s,sk,sk
s,s,s
s,s,s
s,s,
s,sk,
s,sk,sk
s,sk,sk
s,sk,sk
s,sk,sk
s,sk,sk
s,s,s
s,s,ɾ
s,sk,sj
s,sk,s
s,sk,sk
s,sk,sk
s,sk,sk
s,sk,sk
s,s,ɾ
s,sk,sj
s,sk,s
s,sk,sk
s,sk,sk
s,sk,sk
s,sk,sk
s,sk,sj
s,sk,s
s,sk,sk
s,sk,sk
s,sk,sk
s,sk,sk
sk,sk,
sk,sk,
sk,sk,
sk,sk,
sk,sk,
sk,sk,
sk,sk,
sk,sk,
sk,sk,
sk,sk,sk
sk,sk,sk
sk,sk,sk
sk,sk,sk
sk,sk,sk
sk,sk,sk
s,s,
s,s,ɾs
s,s,ɾs
s,s,ɾs
s,sk,
s,sk,
s,sk,sk
s,sk,sk
s,sk,sk
s,sk,sk
s,s,s
s,s,s
s,s,
s,sk,sk
s,sk,sk
s,sk,sk
s,sk,sk
s,sk,sk
s,sk,sk
s,s,s
s,s,s
s,sk,sk
s,sk,s
s,sk,sk
s,sk,sk
s,sk,sk
s,sk,sk
s,s,s
s,sk,sk
s,sk,s
s,sk,sk
s,sk,sk
s,sk,sk
s,sk,sk
s,sk,sj
s,sk,s
s,sk,sk
s,sk,sk
s,sk,sk
s,sk,ɾk
sk,sk,
sk,sk,
sk,sk,
sk,sk,
sk,sk,
sk,sk,
sk,sk,
sk,sk,
sk,sk,
sk,sk,sk
sk,sk,sk
sk,sk,sk
sk,sk,sk
sk,sk,sk
sk,sk,sk
s,s,
s,s,ɾs
s,s,s
s,s,ɾs
s,sk,
s,sk,
s,sk,sk
s,sk,sk
s,sk,sk
s,sk,sk
s,s,s
s,s,s
s,s,
s,sk,sk
s,sk,sk
s,sk,sk
s,sk,sk
s,sk,sk
s,sk,sk
s,s,s
s,s,s
s,sk,sk
s,sk,s
s,sk,sk
s,sk,sk
s,sk,sk
s,sk,sk
s,s,s
s,sk,sj
s,sk,s
s,sk,sk
s,sk,sk
s,sk,sk
s,sk,sk
s,sk,sj
s,sk,s
s,sk,sk
s,sk,sk
s,sk,sk
s,sk,ɾk
sk,sk,
sk,sk,
sk,sk,
sk,sk,
sk,sk,
sk,sk,
sk,sk,
sk,sk,
sk,sk,
sk,sk,sk
sk,sk,sk
sk,sk,sk
sk,sk,sk
sk,sk,sk
sk,sk,sk
s,s,
s,s,s
s,s,ɾs
s,s,
s,sk,sk
s,sk,
s,sk,sk
s,sk,sk
s,sk,sk
s,sk,sk
s,s,s
s,s,s
s,s,
s,sk,sk
s,sk,
s,sk,sk
s,sk,sk
s,sk,sk
s,sk,sk
s,s,s
s,s,s
s,sk,sk
s,sk,s
s,sk,sk
s,sk,sk
s,sk,sk
s,sk,sk
s,s,s
s,sk,sk
s,sk,s
s,sk,sk
s,sk,sk
s,sk,sk
s,sk,sk
s,sk,sj
s,sk,s
s,sk,sk
s,sk,sk
s,sk,sk
s,sk,sk
sk,sk,
sk,sk,
sk,sk,
sk,sk,
sk,sk,
sk,sk,
sk,sk,
sk,sk,
sk,sk,
sk,sk,sk
sk,sk,sk
sk,sk,sk
sk,sk,sk
sk,sk,sk
sk,sk,sk
nç,nç,nç
nç,nç,nç
nç,nç,nç
nç,nx,nx
nç,nx,nx
nç,nx,nx
nç,nx,nx
nç,nx,nx
nç,nx,nx
nç,nx,nx
nç,nç,nç
nç,nç,nç
nç,nx,nx
nç,nx,nç
nç,nx,nx
nç,nx,nx
nç,nx,nx
nç,nx,nx
nç,nx,nx
nç,nç,nç
nç,nx,nç
nç,nx,nç
nç,nx,nx
nç,nx,nx
nç,nx,nx
nç,nx,nx
nç,nx,nx
nç,nx,nç
nç,nx,nç
nç,nx,nx
nç,nx,nx
nç,nx,nx
nç,nx,nx
nç,nx,nx
nx,nx,nx
nx,nx,nx
nx,nx,nx
nx,nx,nx
nx,nx,nx
nx,nx,nx
nx,nx,nx
nx,nx,nx
nx,nx,nx
nx,nx,nx
nx,nx,nx
nx,nx,nx
nx,nx,nx
nx,nx,nx
nx,nx,nx
nx,nx,nx
nx,nx,nx
nx,nx,nx
nx,nx,nx
nx,nx,nx
nx,nx,nx
nç,nç,nç
nç,nç,nç
nç,nç,nç
nç,nx,nx
nç,nx,nç
nç,nx,nx
nç,nx,nx
nç,nx,nx
nç,nx,nx
nç,nx,nx
nç,nç,nç
nç,nç,nç
nç,nx,nx
nç,nx,nx
nç,nx,nx
nç,nx,nx
nç,nx,nx
nç,nx,nx
nç,nx,nx
nç,nç,nç
nç,nx,nç
nç,nx,nx
nç,nx,nx
nç,nx,nx
nç,nx,nx
nç,nx,nx
nç,nx,nx
nç,nx,nç
nç,nx,nç
nç,nx,nx
nç,nx,nx
nç,nx,nx
nç,nx,nx
nç,nx,nx
nx,nx,nx
nx,nx,nx
nx,nx,nx
nx,nx,nx
nx,nx,nx
nx,nx,nx
nx,nx,nx
nx,nx,nx
nx,nx,nx
nx,nx,nx
nx,nx,nx
nx,nx,nx
nx,nx,nx
nx,nx,nx
nx,nx,nx
nx,nx,nx
nx,nx,nx
nx,nx,nx
nx,nx,nx
nx,nx,nx
nx,nx,nx
nç,nç,nç
nç,nç,nç
nç,nç,nç
nç,nx,nx
nç,nx,nx
nç,nx,nx
nç,nx,nx
nç,nx,nx
nç,nx,nx
nç,nx,nx
nç,nç,nç
nç,nç,nç
nç,nx,nx
nç,nx,nx
nç,nx,nx
nç,nx,nx
nç,nx,nx
nç,nx,nx
nç,nx,nx
nç,nç,nç
nç,nx,nç
nç,nx,nx
nç,nx,nx
nç,nx,s
nç,nx,nx
nç,nx,nx
nç,nx,nx
nç,nx,nç
nç,nx,nx
nç,nx,nx
nç,nx,nx
nç,nx,nx
nç,nx,nx
nç,nx,nx
nx,nx,
nx,nx,nx
nx,nx,nx
nx,nx,nx
nx,nx,nx
nx,nx,nx
nx,nx,nx
nx,nx,nx
nx,nx,nx
nx,nx,nx
nx,nx,nx
nx,nx,nx
nx,nx,nx
nx,nx,nx
nx,nx,nx
nx,nx,nx
nx,nx,nx
nx,nx,nx
nx,nx,nx
nx,nx,nx
nx,nx,nx
nç,nç,nç
nç,nç,nç
nç,nç,nç
nç,nx,nx
nç,nx,nx
nç,nx,nx
nç,nx,nx
nç,nx,nx
nç,nx,nx
nç,nx,nx
nç,nç,nç
nç,nç,nç
nç,nx,nx
nç,nx,nx
nç,nx,nx
nç,nx,nx
nç,nx,nx
nç,nx,nx
nç,nx,nx
nç,nç,nç
nç,nx,nx
nç,nx,nx
nç,nx,nx
nç,nx,nx
nç,nx,nx
nç,nx,nx
nç,nx,nx
nç,nx,nx
nç,nx,nx
nç,nx,nx
nç,nx,nx
nç,nx,nx
nç,nx,nx
nç,nx,nx
nx,nx,nx
nx,nx,nx
nx,nx,nx
nx,nx,nx
nx,nx,nx
nx,nx,nx
nx,nx,nx
nx,nx,nx
nx,nx,nx
nx,nx,nx
nx,nx,nx
nx,nx,nx
nx,nx,nx
nx,nx,nx
nx,nx,nx
nx,nx,nx
nx,nx,nx
nx,nx,nx
nx,nx,nx
nx,nx,nx
nx,nx,nx
nç,nç,nç
nç,nç,nç
nç,nç,nç
nç,nx,nx
nç,nx,nx
nç,nx,nx
nç,nx,nx
nç,nx,nx
nç,nx,nx
nç,nx,nx
nç,nç,nç
nç,nç,nç
nç,nx,nx
nç,nx,nx
nç,nx,nx
nç,nx,nx
nç,nx,nx
nç,nx,nx
nç,nx,nx
nç,nç,nç
nç,nx,nx
nç,nx,nx
nç,nx,nx
nç,nx,nx
nç,nx,nx
nç,nx,nx
nç,nx,nx
nç,nx,nç
nç,nx,nç
nç,nx,nç
nç,nx,nç
nç,nx,nç
nç,nx,nç
nç,nx,nç
nx,nx,nx
nx,nx,nx
nx,nx,nx
nx,nx,nx
nx,nx,nx
nx,nx,nx
nx,nx,nx
nx,nx,nx
nx,nx,nx
nx,nx,nx
nx,nx,nx
nx,nx,nx
nx,nx,nx
nx,nx,nx
nx,nx,nx
nx,nx,nx
nx,nx,nx
nx,nx,nx
nx,nx,nx
nx,nx,nx
nx,nx,nx
nç,nç,nç
nç,nç,nç
nç,nç,nç
nç,nç,nç
nç,nx,nx
nç,nx,nx
nç,nx,nx
nç,nx,nx
nç,nx,nx
nç,nx,nx
nç,nç,nç
nç,nç,nç
nç,nç,nç
nç,nx,nx
nç,nx,nx
nç,nx,nx
nç,nx,nx
nç,nx,nx
nç,nx,nx
nç,nç,nç
nç,nç,nç
nç,nx,nx
nç,nx,nx
nç,nx,nx
nç,nx,nx
nç,nx,nx
nç,nx,nx
nç,nç,nç
nç,nx,nx
nç,nx,nç
nç,nx,nx
nç,nx,nx
nç,nx,nx
nç,nx,nç
nç,nx,nx
nç,nx,nx
nç,nx,nx
nç,nx,nx
nç,nx,nx
nç,nx,nx
nx,nx,nx
nx,nx,nx
nx,nx,nx
nx,nx,nx
nx,nx,nx
nx,nx,nx
nx,nx,nx
nx,nx,nx
nx,nx,nx
nx,nx,nx
nx,nx,nx
nx,nx,nx
nx,nx,nx
nx,nx,nx
nx,nx,nx
nç,nç,nç
nç,nç,nç
nç,nç,nç
nç,nç,nç
nç,nx,nx
nç,nx,nx
nç,nx,nx
nç,nx,nx
nç,nx,nx
nç,nx,nx
nç,nç,nç
nç,nç,nç
nç,nç,nç
nç,nx,nx
nç,nx,nx
nç,nx,nx
nç,nx,nx
nç,nx,nx
nç,nx,nx
nç,nç,nç
nç,nç,nç
nç,nx,nx
nç,nx,nx
nç,nx,nx
nç,nx,nx
nç,nx,nx
nç,nx,nx
nç,nç,nç
nç,nx,nx
nç,nx,nx
nç,nx,nx
nç,nx,nx
nç,nx,nx
nç,nx,nx
nç,nx,nx
nç,nx,nx
nç,nx,nx
nç,nx,nx
nç,nx,nx
nç,nx,nx
nx,nx,nx
nx,nx,nx
nx,nx,nx
nx,nx,nx
nx,nx,nx
nx,nx,nx
nx,nx,nx
nx,nx,nx
nx,nx,nx
nx,nx,nx
nx,nx,nx
nx,nx,nx
nx,nx,nx
nx,nx,nx
nx,nx,nx
nç,nç,nx
nç,nç,nç
nç,nç,nç
nç,nç,nç
nç,nx,nx
nç,nx,nx
nç,nx,nx
nç,nx,nx
nç,nx,nx
nç,nx,nx
nç,nç,nç
nç,nç,nç
nç,nç,nç
nç,nx,nx
nç,nx,nx
nç,nx,nx
nç,nx,nx
nç,nx,nx
nç,nx,nx
nç,nç,nç
nç,nç,nç
nç,nx,nx
nç,nx,nx
nç,nx,nx
nç,nx,nx
nç,nx,nx
nç,nx,nx
nç,nç,nç
nç,nx,nx
nç,nx,nç
nç,nx,nx
nç,nx,nx
nç,nx,nx
nç,nx,nx
nç,nx,nx
nç,nx,nx
nç,nx,nx
nç,nx,nx
nç,nx,nx
nç,nx,nx
nx,nx,nx
nx,nx,nx
nx,nx,nx
nx,nx,nx
nx,nx,nx
nx,nx,nx
nx,nx,nx
nx,nx,nx
nx,nx,nx
nx,nx,nx
nx,nx,nx
nx,nx,nx
nx,nx,nx
nx,nx,nx
nx,nx,nx
nç,nç,nx
nç,nç,nç
nç,nç,nç
nç,nç,nç
nç,nx,nx
nç,nx,nx
nç,nx,nx
nç,nx,nx
nç,nx,nx
nç,nx,nx
nç,nç,nç
nç,nç,nç
nç,nç,nç
nç,nx,nx
nç,nx,nx
nç,nx,nx
nç,nx,nx
nç,nx,nx
nç,nx,nx
nç,nç,nç
nç,nç,nç
nç,nx,nx
nç,nx,nx
nç,nx,nx
nç,nx,nx
nç,nx,nx
nç,nx,nx
nç,nç,nç
nç,nx,nç
nç,nx,nç
nç,nx,nx
nç,nx,nx
nç,nx,nx
nç,nx,nx
nç,nx,nx
nç,nx,nx
nç,nx,nx
nç,nx,nx
nç,nx,nx
nç,nx,nx
nx,nx,nx
nx,nx,nx
nx,nx,nx
nx,nx,nx
nx,nx,nx
nx,nx,nx
nx,nx,nx
nx,nx,nx
nx,nx,nx
nx,nx,nx
nx,nx,nx
nx,nx,nx
nx,nx,nx
nx,nx,nx
nx,nx,nx
nç,nç,nç
nç,nç,nç
nç,nç,nç
nç,nç,nç
nç,nx,nx
nç,nx,
nç,nx,nx
nç,nx,nx
nç,nx,nx
nç,nx,nx
nç,nç,nç
nç,nç,nç
nç,nç,nç
nç,nx,nx
nç,nx,
nç,nx,nx
nç,nx,nx
nç,nx,nx
nç,nx,nx
nç,nç,nç
nç,nç,nç
nç,nx,nx
nç,nx,
nç,nx,nx
nç,nx,nx
nç,nx,nx
nç,nx,nx
nç,nç,nç
nç,nx,nç
nç,nx,nç
nç,nx,nx
nç,nx,nx
nç,nx,nx
nç,nx,nx
nç,nx,nç
nç,nx,nç
nç,nx,nx
nç,nx,nx
nç,nx,nx
nç,nx,nx
nx,nx,nx
nx,nx,nx
nx,nx,nx
nx,nx,nx
nx,nx,nx
nx,nx,nx
nx,nx,nx
nx,nx,nx
nx,nx,nx
nx,nx,nx
nx,nx,nx
nx,nx,nx
nx,nx,nx
nx,nx,nx
nx,nx,nx
nç,nç,nç
nç,nç,nç
nç,nç,nç
nç,nç,nç
nç,nx,nx
nç,nx,
nç,nx,nx
nç,nx,nx
nç,nx,nx
nç,nx,nx
nç,nç,nç
nç,nç,nç
nç,nç,nç
nç,nx,nx
nç,nx,nx
nç,nx,nx
nç,nx,nx
nç,nx,nx
nç,nx,nx
nç,nç,nç
nç,nç,nç
nç,nx,nx
nç,nx,
nç,nx,nx
nç,nx,nx
nç,nx,nx
nç,nx,nx
nç,nç,nç
nç,nx,nç
nç,nx,nç
nç,nx,nx
nç,nx,s
nç,nx,nx
nç,nx,nx
nç,nx,nç
nç,nx,nx
nç,nx,nx
nç,nx,nx
nç,nx,nx
nç,nx,nx
nx,nx,nx
nx,nx,nx
nx,nx,nx
nx,nx,nx
nx,nx,nx
nx,nx,nx
nx,nx,nx
nx,nx,nx
nx,nx,nx
nx,nx,nx
nx,nx,nx
nx,nx,nx
nx,nx,nx
nx,nx,nx
nx,nx,nx
nç,nç,nx
nç,nç,nx
nç,nç,nç
nç,nç,nç
nç,nx,nx
nç,nx,nx
nç,nx,nx
nç,nx,nx
nç,nx,nx
nç,nx,nx
nç,nç,nx
nç,nç,nç
nç,nç,nç
nç,nx,nx
nç,nx,nx
nç,nx,nx
nç,nx,nx
nç,nx,nx
nç,nx,nx
nç,nç,nç
nç,nç,nç
nç,nx,nx
nç,nx,nx
nç,nx,nx
nç,nx,nx
nç,nx,nx
nç,nx,nx
nç,nç,nç
nç,nx,
nç,nx,nx
nç,nx,nx
nç,nx,s
nç,nx,nx
nç,nx,nx
nç,nx,
nç,nx,nx
nç,nx,nx
nç,nx,nx
nç,nx,nx
nç,nx,nx
nx,nx,nx
nx,nx,nx
nx,nx,nx
nx,nx,nx
nx,nx,nx
nx,nx,
nx,nx,nx
nx,nx,
nx,nx,
nx,nx,nx
nx,nx,nx
nx,nx,nx
nx,nx,nx
nx,nx,nx
nx,nx,nx
lç,lç,l
lç,lç,l
lç,lç,l
lç,lx,l
lç,lx,x
lç,lx,l
lç,lx,l
lç,lx,l
lç,lx,l
lç,lx,l
lç,lç,l
lç,lç,l
lç,lx,l
lç,lx,l
lç,lx,l
lç,lx,l
lç,lx,l
lç,lx,l
lç,lx,l
lç,lç,l
lç,lx,l
lç,lx,l
lç,lx,l
lç,lx,l
lç,lx,l
lç,lx,l
lç,lx,l
lç,lx,l
lç,lx,l
lç,lx,l
lç,lx,l
lç,lx,l
lç,lx,l
lç,lx,l
lx,lx,lx
lx,lx,lx
lx,lx,l
lx,lx,l
lx,lx,l
lx,lx,l
lx,lx,lx
lx,lx,lx
lx,lx,lx
lx,lx,lx
lx,lx,l
lx,lx,lx
lx,lx,lx
lx,lx,lx
lx,lx,l
lx,lx,l
lx,lx,l
lx,lx,l
lx,lx,l
lx,lx,l
lx,lx,l
lç,lç,l
lç,lç,l
lç,lç,l
lç,lx,lj
lç,lx,l
lç,lx,l
lç,lx,x
lç,lx,l
lç,lx,l
lç,lx,l
lç,lç,l
lç,lç,l
lç,lx,lj
lç,lx,l
lç,lx,l
lç,lx,l
lç,lx,l
lç,lx,l
lç,lx,l
lç,lç,l
lç,lx,lj
lç,lx,l
lç,lx,l
lç,lx,l
lç,lx,l
lç,lx,l
lç,lx,l
lç,lx,l
lç,lx,l
lç,lx,l
lç,lx,l
lç,lx,l
lç,lx,l
lç,lx,l
lx,lx,lx
lx,lx,lx
lx,lx,lx
lx,lx,l
lx,lx,l
lx,lx,l
lx,lx,lx
lx,lx,lx
lx,lx,lx
lx,lx,lx
lx,lx,l
lx,lx,lx
lx,lx,lx
lx,lx,lx
lx,lx,l
lx,lx,lx
lx,lx,lx
lx,lx,l
lx,lx,l
lx,lx,l
lx,lx,l
lç,lç,m
lç,lç,ç
lç,lç,ç
lç,lx,x
lç,lx,
lç,lx,lx
lç,lx,x
lç,lx,x
lç,lx,x
lç,lx,x
lç,lç,x
lç,lç,x
lç,lx,x
lç,lx,
lç,lx,lx
lç,lx,x
lç,lx,x
lç,lx,x
lç,lx,x
lç,lç,l
lç,lx,lx
lç,lx,x
lç,lx,lx
lç,lx,lx
lç,lx,lx
lç,lx,lx
lç,lx,l
lç,lx,l
lç,lx,lx
lç,lx,lx
lç,lx,l
lç,lx,lx
lç,lx,lx
lç,lx,l
lx,lx,x
lx,lx,x
lx,lx,x
lx,lx,x
lx,lx,x
lx,lx,x
lx,lx,x
lx,lx,x
lx,lx,x
lx,lx,x
lx,lx,x
lx,lx,lx
lx,lx,lx
lx,lx,lx
lx,lx,lx
lx,lx,lx
lx,lx,lx
lx,lx,lx
lx,lx,lx
lx,lx,l
lx,lx,l
lç,lç,l
lç,lç,lç
lç,lç,ç
lç,lx,x
lç,lx,
lç,lx,x
lç,lx,x
lç,lx,x
lç,lx,x
lç,lx,x
lç,lç,lç
lç,lç,x
lç,lx,x
lç,lx,
lç,lx,lx
lç,lx,x
lç,lx,x
lç,lx,x
lç,lx,x
lç,lç,lç
lç,lx,lx
lç,lx,x
lç,lx,lx
lç,lx,lx
lç,lx,lx
lç,lx,lx
lç,lx,l
lç,lx,l
lç,lx,l
lç,lx,lx
lç,lx,l
lç,lx,lx
lç,lx,l
lç,lx,l
lx,lx,x
lx,lx,x
lx,lx,x
lx,lx,x
lx,lx,x
lx,lx,x
lx,lx,x
lx,lx,x
lx,lx,x
lx,lx,x
lx,lx,x
lx,lx,lx
lx,lx,lx
lx,lx,lx
lx,lx,l
lx,lx,lx
lx,lx,lx
lx,lx,l
lx,lx,lx
lx,lx,l
lx,lx,l
lç,lç,m
lç,lç,lç
lç,lç,x
lç,lx,x
lç,lx,
lç,lx,lx
lç,lx,x
lç,lx,x
lç,lx,x
lç,lx,x
lç,lç,lç
lç,lç,x
lç,lx,x
lç,lx,
lç,lx,lx
lç,lx,x
lç,lx,x
lç,lx,x
lç,lx,x
lç,lç,lç
lç,lx,lj
lç,lx,x
lç,lx,lx
lç,lx,lx
lç,lx,lx
lç,lx,lx
lç,lx,l
lç,lx,lx
lç,lx,x
lç,lx,lx
lç,lx,lx
lç,lx,lx
lç,lx,lx
lç,lx,l
lx,lx,x
lx,lx,x
lx,lx,x
lx,lx,x
lx,lx,x
lx,lx,x
lx,lx,x
lx,lx,x
lx,lx,x
lx,lx,x
lx,lx,x
lx,lx,lx
lx,lx,lx
lx,lx,lx
lx,lx,l
lx,lx,lx
lx,lx,lx
lx,lx,lx
lx,lx,lx
lx,lx,l
lx,lx,l
lç,lç,l
lç,lç,l
lç,lç,l
lç,lç,l
lç,lx,l
lç,lx,l
lç,lx,l
lç,lx,x
lç,lx,x
lç,lx,l
lç,lç,l
lç,lç,l
lç,lç,l
lç,lx,l
lç,lx,l
lç,lx,l
lç,lx,l
lç,lx,l
lç,lx,l
lç,lç,l
lç,lç,l
lç,lx,l
lç,lx,l
lç,lx,l
lç,lx,l
lç,lx,l
lç,lx,l
lç,lç,l
lç,lx,l
lç,lx,l
lç,lx,l
lç,lx,l
lç,lx,l
lç,lx,l
lç,lx,l
lç,lx,l
lç,lx,l
lç,lx,l
lç,lx,l
lç,lx,l
lx,lx,lx
lx,lx,l
lx,lx,l
lx,lx,l
lx,lx,l
lx,lx,lx
lx,lx,lx
lx,lx,lx
lx,lx,l
lx,lx,l
lx,lx,l
lx,lx,l
lx,lx,l
lx,lx,l
lx,lx,l
lç,lç,l
lç,lç,l
lç,lç,l
lç,lç,l
lç,lx,lj
lç,lx,l
lç,lx,l
lç,lx,l
lç,lx,l
lç,lx,ç
lç,lç,l
lç,lç,l
lç,lç,l
lç,lx,lj
lç,lx,l
lç,lx,l
lç,lx,l
lç,lx,l
lç,lx,l
lç,lç,l
lç,lç,l
lç,lx,lj
lç,lx,l
lç,lx,l
lç,lx,l
lç,lx,l
lç,lx,l
lç,lç,l
lç,lx,lj
lç,lx,l
lç,lx,l
lç,lx,l
lç,lx,l
lç,lx,lx
lç,lx,l
lç,lx,l
lç,lx,l
lç,lx,l
lç,lx,l
lç,lx,l
lx,lx,lx
lx,lx,l
lx,lx,l
lx,lx,l
lx,lx,l
lx,lx,lx
lx,lx,lx
lx,lx,lx
lx,lx,l
lx,lx,l
lx,lx,l
lx,lx,l
lx,lx,l
lx,lx,l
lx,lx,l
lç,lç,m
lç,lç,lx
lç,lç,ç
lç,lç,ç
lç,lx,ç
lç,lx,ç
lç,lx,ç
lç,lx,ç
lç,lx,ç
lç,lx,ç
lç,lç,lx
lç,lç,ç
lç,lç,ç
lç,lx,x
lç,lx,
lç,lx,ç
lç,lx,ç
lç,lx,ç
lç,lx,ç
lç,lç,lx
lç,lç,lç
lç,lx,lç
lç,lx,lç
lç,lx,lx
lç,lx,lx
lç,lx,lx
lç,lx,lx
lç,lç,lç
lç,lx,lx
lç,lx,lç
lç,lx,lx
lç,lx,lx
lç,lx,lx
lç,lx,lx
lç,lx,lx
lç,lx,lç
lç,lx,lx
lç,lx,lx
lç,lx,lx
lç,lx,l
lx,lx,x
lx,lx,x
lx,lx,x
lx,lx,x
lx,lx,x
lx,lx,x
lx,lx,x
lx,lx,x
lx,lx,x
lx,lx,lx
lx,lx,lx
lx,lx,lx
lx,lx,lx
lx,lx,l
lx,lx,l
lç,lç,l
lç,lç,ç
lç,lç,x
lç,lç,ç
lç,lx,x
lç,lx,
lç,lx,ç
lç,lx,ç
lç,lx,ç
lç,lx,ç
lç,lç,lç
lç,lç,x
lç,lç,x
lç,lx,x
lç,lx,
lç,lx,lx
lç,lx,ç
lç,lx,ç
lç,lx,ç
lç,lç,lx
lç,lç,lç
lç,lx,lj
lç,lx,l
lç,lx,lx
lç,lx,lx
lç,lx,lx
lç,lx,l
lç,lç,lç
lç,lx,l
lç,lx,lx
lç,lx,lx
lç,lx,lx
lç,lx,lx
lç,lx,l
lç,lx,l
lç,lx,l
lç,lx,lx
lç,lx,lx
lç,lx,lx
lç,lx,l
lx,lx,x
lx,lx,x
lx,lx,x
lx,lx,x
lx,lx,x
lx,lx,x
lx,lx,x
lx,lx,x
lx,lx,x
lx,lx,lx
lx,lx,lx
lx,lx,l
lx,lx,l
lx,lx,l
lx,lx,l
lç,lç,l
lç,lç,lç
lç,lç,x
lç,lç,x
lç,lx,x
lç,lx,
lç,lx,lx
lç,lx,ç
lç,lx,ç
lç,lx,ç
lç,lç,lx
lç,lç,x
lç,lç,x
lç,lx,x
lç,lx,
lç,lx,lx
lç,lx,x
lç,lx,x
lç,lx,ç
lç,lç,lx
lç,lç,lx
lç,lx,lj
lç,lx,x
lç,lx,lx
lç,lx,lx
lç,lx,lx
lç,lx,lx
lç,lç,lx
lç,lx,lj
lç,lx,x
lç,lx,lx
lç,lx,lx
lç,lx,lx
lç,lx,lx
lç,lx,l
lç,lx,l
lç,lx,lx
lç,lx,lx
lç,lx,lx
lç,lx,lx
lx,lx,x
lx,lx,x
lx,lx,x
lx,lx,x
lx,lx,x
lx,lx,lx
lx,lx,x
lx,lx,x
lx,lx,x
lx,lx,lx
lx,lx,lx
lx,lx,l
lx,lx,lx
lx,lx,l
lx,lx,l
lç,lç,l
lç,lç,lç
lç,lç,x
lç,lç,x
lç,lx,x
lç,lx,
lç,lx,lx
lç,lx,ç
lç,lx,ç
lç,lx,ç
lç,lç,lx
lç,lç,x
lç,lç,x
lç,lx,x
lç,lx,
lç,lx,lx
lç,lx,x
lç,lx,x
lç,lx,x
lç,lç,lx
lç,lç,lx
lç,lx,lj
lç,lx,x
lç,lx,lx
lç,lx,lx
lç,lx,lx
lç,lx,lç
lç,lç,lx
lç,lx,lj
lç,lx,x
lç,lx,lx
lç,lx,lx
lç,lx,lx
lç,lx,lx
lç,lx,l
lç,lx,l
lç,lx,lç
lç,lx,lx
lç,lx,lx
lç,lx,lç
lx,lx,x
lx,lx,x
lx,lx,x
lx,lx,x
lx,lx,x
lx,lx,lx
lx,lx,x
lx,lx,x
lx,lx,x
lx,lx,lx
lx,lx,lx
lx,lx,l
lx,lx,lx
lx,lx,l
lx,lx,l
lç,lç,l
lç,lç,lx
lç,lç,x
lç,lç,x
lç,lx,x
lç,lx,l
lç,lx,lx
lç,lx,x
lç,lx,x
lç,lx,x
lç,lç,lx
lç,lç,x
lç,lç,x
lç,lx,x
lç,lx,l
lç,lx,lx
lç,lx,x
lç,lx,x
lç,lx,x
lç,lç,lx
lç,lç,l
lç,lx,lj
lç,lx,lx
lç,lx,lx
lç,lx,lx
lç,lx,lx
lç,lx,lx
lç,lç,l
lç,lx,lx
lç,lx,lx
lç,lx,lx
lç,lx,lx
lç,lx,lx
lç,lx,lx
lç,lx,l
lç,lx,lx
lç,lx,l
lç,lx,l
lç,lx,l
lç,lx,l
lx,lx,l
lx,lx,x
lx,lx,x
lx,lx,x
lx,lx,x
lx,lx,lx
lx,lx,x
lx,lx,x
lx,lx,x
lx,lx,lx
lx,lx,l
lx,lx,l
lx,lx,l
lx,lx,l
lx,lx,l
n,nɡ,t
n,nɡ,n
n,nɡ,t
n,nɡ,t
n,nɡ,t
n,nɡ,t
n,nɡ,t
n,n,t
n,n,t
n,n,t
nɡ,nɡ,nɡ
nɡ,nɡ,t
nɡ,nɡ,t
nɡ,nɡ,t
nɡ,nɡ,t
nɡ,nɡ,t
nɡ,n,t
nɡ,n,t
nɡ,n,t
nɡ,nɡ,nɡ
nɡ,nɡ,nɡ
nɡ,nɡ,t
nɡ,nɡ,t
nɡ,nɡ,t
nɡ,n,t
nɡ,n,t
nɡ,n,t
nɡ,nɡ,nɡ
nɡ,nɡ,nɡ
nɡ,nɡ,nɡ
nɡ,nɡ,nɡ
nɡ,n,nɡ
nɡ,n,nɡ
nɡ,n,nɡ
nɡ,nɡ,nɡ
nɡ,nɡ,nɡ
nɡ,nɡ,nɡ
nɡ,n,nɡ
nɡ,n,nɡ
nɡ,n,nɡ
nɡ,nɡ,nɡ
nɡ,nɡ,nɡ
nɡ,n,nɡ
nɡ,n,nɡ
nɡ,n,nɡ
nɡ,nɡ,nɡ
nɡ,n,nɡ
nɡ,n,nɡ
nɡ,n,nɡ
nɡ,n,t
nɡ,n,n
nɡ,n,t
n,n,n
n,n,t
n,n,t
n,nɡ,t
n,nɡ,t
n,nɡ,t
n,nɡ,t
n,nɡ,t
n,nɡ,t
n,nɡ,t
n,n,t
n,n,t
n,n,t
nɡ,nɡ,nɡ
nɡ,nɡ,t
nɡ,nɡ,t
nɡ,nɡ,t
nɡ,nɡ,t
nɡ,nɡ,t
nɡ,n,t
nɡ,n,t
nɡ,n,t
nɡ,nɡ,nɡ
nɡ,nɡ,nɡ
nɡ,nɡ,t
nɡ,nɡ,t
nɡ,nɡ,t
nɡ,n,t
nɡ,n,nɡ
nɡ,n,t
nɡ,nɡ,nɡ
nɡ,nɡ,nɡ
nɡ,nɡ,nɡ
nɡ,nɡ,nɡ
nɡ,n,nɡ
nɡ,n,nɡ
nɡ,n,nɡ
nɡ,nɡ,nɡ
nɡ,nɡ,nɡ
nɡ,nɡ,nɡ
nɡ,n,nɡ
nɡ,n,nɡ
nɡ,n,nɡ
nɡ,nɡ,nɡ
nɡ,nɡ,nɡ
nɡ,n,nɡ
nɡ,n,nɡ
nɡ,n,nɡ
nɡ,nɡ,nɡ
nɡ,n,nɡ
nɡ,n,nɡ
nɡ,n,nɡ
nɡ,n,t
nɡ,n,t
nɡ,n,t
n,n,n
n,n,n
n,n,n
n,n,t
n,nɡ,t
n,nɡ,t
n,nɡ,t
n,nɡ,t
n,nɡ,t
n,nɡ,t
n,n,t
n,n,nt
n,n,t
n,nɡ,n
n,nɡ,t
n,nɡ,n
n,nɡ,t
n,nɡ,t
n,nɡ,t
n,n,t
n,n,nt
n,n,nt
nɡ,nɡ,n
nɡ,nɡ,nɡ
nɡ,nɡ,t
nɡ,nɡ,t
nɡ,nɡ,t
nɡ,n,nɡ
nɡ,n,nɡ
nɡ,n,nɡ
nɡ,nɡ,nɡ
nɡ,nɡ,t
nɡ,nɡ,t
nɡ,nɡ,t
nɡ,n,nɡ
nɡ,n,nɡ
nɡ,n,t
nɡ,nɡ,t
nɡ,nɡ,t
nɡ,nɡ,t
nɡ,n,nɡ
nɡ,n,nɡ
nɡ,n,t
nɡ,nɡ,nɡ
nɡ,nɡ,t
nɡ,n,nɡ
nɡ,n,nɡ
nɡ,n,t
nɡ,nɡ,t
nɡ,n,nɡ
nɡ,n,nɡ
nɡ,n,t
nɡ,n,t
nɡ,n,nɡ
nɡ,n,t
n,n,n
n,n,t
n,n,t
n,n,t
n,nɡ,t
n,nɡ,t
n,nɡ,t
n,nɡ,t
n,nɡ,t
n,nɡ,t
n,n,t
n,n,t
n,n,t
n,nɡ,n
n,nɡ,n
n,nɡ,nɡ
n,nɡ,t
n,nɡ,t
n,nɡ,t
n,n,t
n,n,nt
n,n,t
nɡ,nɡ,nɡ
nɡ,nɡ,nɡ
nɡ,nɡ,nɡ
nɡ,nɡ,nɡ
nɡ,nɡ,t
nɡ,n,nɡ
nɡ,n,nɡ
nɡ,n,nɡ
nɡ,nɡ,nɡ
nɡ,nɡ,nɡ
nɡ,nɡ,nɡ
nɡ,nɡ,nɡ
nɡ,n,nɡ
nɡ,n,nɡ
nɡ,n,nɡ
nɡ,nɡ,nɡ
nɡ,nɡ,nɡ
nɡ,nɡ,nɡ
nɡ,n,nɡ
nɡ,n,nɡ
nɡ,n,nɡ
nɡ,nɡ,nɡ
nɡ,nɡ,nɡ
nɡ,n,nɡ
nɡ,n,nɡ
nɡ,n,nɡ
nɡ,nɡ,nɡ
nɡ,n,nɡ
nɡ,n,nɡ
nɡ,n,nɡ
nɡ,n,nɡ
nɡ,n,nɡ
nɡ,n,bt
n,n,t
n,n,t
n,n,t
n,n,n
n,nɡ,nɡ
n,nɡ,nɡ
n,nɡ,nɡ
n,nɡ,nɡ
n,nɡ,nɡ
n,nɡ,nɡ
n,n,n
n,n,n
n,n,n
n,nɡ,nɡ
n,nɡ,nɡ
n,nɡ,nɡ
n,nɡ,nɡ
n,nɡ,nɡ
n,nɡ,nɡ
n,n,nt
n,n,nt
n,n,nt
nɡ,nɡ,nɡ
nɡ,nɡ,nɡ
nɡ,nɡ,nɡ
nɡ,nɡ,nɡ
nɡ,nɡ,nɡ
nɡ,n,nɡ
nɡ,n,nɡ
nɡ,n,nɡ
nɡ,nɡ,nɡ
nɡ,nɡ,nɡ
nɡ,nɡ,nɡ
nɡ,nɡ,nɡ
nɡ,n,nɡ
nɡ,n,nɡ
nɡ,n,nɡ
nɡ,nɡ,t
nɡ,nɡ,t
nɡ,nɡ,t
nɡ,n,t
nɡ,n,nɡ
nɡ,n,nɡ
nɡ,nɡ,t
nɡ,nɡ,t
nɡ,n,t
nɡ,n,nɡ
nɡ,n,t
nɡ,nɡ,t
nɡ,n,t
nɡ,n,nɡ
nɡ,n,t
nɡ,n,t
nɡ,n,t
nɡ,n,t
n,n,n
n,n,n
n,n,n
n,n,t
n,nɡ,nɡ
n,nɡ,nɡ
n,nɡ,nɡ
n,nɡ,nɡ
n,nɡ,nɡ
n,nɡ,nɡ
n,n,n
n,n,nt
n,n,n
n,nɡ,nɡ
n,nɡ,nɡ
n,nɡ,nɡ
n,nɡ,nɡ
n,nɡ,nɡ
n,nɡ,nɡ
n,n,nt
n,n,nt
n,n,nt
nɡ,nɡ,nɡ
nɡ,nɡ,nɡ
nɡ,nɡ,nɡ
nɡ,nɡ,nɡ
nɡ,nɡ,nɡ
nɡ,n,nɡ
nɡ,n,nɡ
nɡ,n,nɡ
nɡ,nɡ,nɡ
nɡ,nɡ,nɡ
nɡ,nɡ,nɡ
nɡ,nɡ,nɡ
nɡ,n,nɡ
nɡ,n,nɡ
nɡ,n,nɡ
nɡ,nɡ,nɡ
nɡ,nɡ,nɡ
nɡ,nɡ,nɡ
nɡ,n,nɡ
nɡ,n,nɡ
nɡ,n,t
nɡ,nɡ,t
nɡ,nɡ,t
nɡ,n,t
nɡ,n,nɡ
nɡ,n,t
nɡ,nɡ,t
nɡ,n,t
nɡ,n,nɡ
nɡ,n,t
nɡ,n,t
nɡ,n,nɡ
nɡ,n,t
n,n,n
n,n,n
n,n,n
n,n,n
n,nɡ,nɡ
n,nɡ,nɡ
n,nɡ,nɡ
n,nɡ,nɡ
n,nɡ,nɡ
n,nɡ,nɡ
n,n,n
n,n,n
n,n,n
n,nɡ,nɡ
n,nɡ,nɡ
n,nɡ,nɡ
n,nɡ,nɡ
n,nɡ,nɡ
n,nɡ,nɡ
n,n,nt
n,n,nt
n,n,nt
nɡ,nɡ,nɡ
nɡ,nɡ,nɡ
nɡ,nɡ,nɡ
nɡ,nɡ,nɡ
nɡ,nɡ,nɡ
nɡ,n,nɡ
nɡ,n,nɡ
nɡ,n,nɡ
nɡ,nɡ,nɡ
nɡ,nɡ,nɡ
nɡ,nɡ,nɡ
nɡ,nɡ,nɡ
nɡ,n,nɡ
nɡ,n,nɡ
nɡ,n,nɡ
nɡ,nɡ,nɡ
nɡ,nɡ,nɡ
nɡ,nɡ,nɡ
nɡ,n,t
nɡ,n,nɡ
nɡ,n,t
nɡ,nɡ,nɡ
nɡ,nɡ,nɡ
nɡ,n,nɡ
nɡ,n,nɡ
nɡ,n,t
nɡ,nɡ,t
nɡ,n,t
nɡ,n,nɡ
nɡ,n,t
nɡ,n,t
nɡ,n,t
nɡ,n,t
n,n,n
n,n,n
n,n,n
n,n,t
n,nɡ,nɡ
n,nɡ,n
n,nɡ,nɡ
n,nɡ,nɡ
n,nɡ,nɡ
n,nɡ,nɡ
n,n,n
n,n,n
n,n,n
n,nɡ,nɡ
n,nɡ,nɡ
n,nɡ,nɡ
n,nɡ,nɡ
n,nɡ,nɡ
n,nɡ,nɡ
n,n,nt
n,n,nt
n,n,nt
nɡ,nɡ,nɡ
nɡ,nɡ,nɡ
nɡ,nɡ,nɡ
nɡ,nɡ,nɡ
nɡ,nɡ,nɡ
nɡ,n,nɡ
nɡ,n,nɡ
nɡ,n,nɡ
nɡ,nɡ,nɡ
nɡ,nɡ,nɡ
nɡ,nɡ,nɡ
nɡ,nɡ,nɡ
nɡ,n,nɡ
nɡ,n,nɡ
nɡ,n,nɡ
nɡ,nɡ,nɡ
nɡ,nɡ,nɡ
nɡ,nɡ,nɡ
nɡ,n,nɡ
nɡ,n,nɡ
nɡ,n,t
nɡ,nɡ,nɡ
nɡ,nɡ,t
nɡ,n,t
nɡ,n,nɡ
nɡ,n,t
nɡ,nɡ,t
nɡ,n,t
nɡ,n,nɡ
nɡ,n,t
nɡ,n,t
nɡ,n,t
nɡ,n,t
n,n,n
n,n,n
n,n,n
n,n,t
n,nɡ,nɡ
n,nɡ,nɡ
n,nɡ,nɡ
n,nɡ,nɡ
n,nɡ,nɡ
n,nɡ,nɡ
n,n,nt
n,n,nt
n,n,n
n,nɡ,nɡ
n,nɡ,nɡ
n,nɡ,nɡ
n,nɡ,nɡ
n,nɡ,nɡ
n,nɡ,nɡ
n,n,nt
n,n,nt
n,n,nt
nɡ,nɡ,nɡ
nɡ,nɡ,nɡ
nɡ,nɡ,nɡ
nɡ,nɡ,nɡ
nɡ,nɡ,nɡ
nɡ,n,nɡ
nɡ,n,nɡ
nɡ,n,nɡ
nɡ,nɡ,nɡ
nɡ,nɡ,nɡ
nɡ,nɡ,nɡ
nɡ,nɡ,nɡ
nɡ,n,nɡ
nɡ,n,nɡ
nɡ,n,nɡ
nɡ,nɡ,nɡ
nɡ,nɡ,nɡ
nɡ,nɡ,nɡ
nɡ,n,nɡ
nɡ,n,nɡ
nɡ,n,nɡ
nɡ,nɡ,nɡ
nɡ,nɡ,nɡ
nɡ,n,nɡ
nɡ,n,nɡ
nɡ,n,nɡ
nɡ,nɡ,nɡ
nɡ,n,nɡ
nɡ,n,nɡ
nɡ,n,t
nɡ,n,nɡ
nɡ,n,nɡ
nɡ,n,t
n,n,jn
n,n,n
n,n,n
n,n,n
n,nɡ,nɡ
n,nɡ,nɡ
n,nɡ,nɡ
n,nɡ,nɡ
n,nɡ,nɡ
n,nɡ,nɡ
n,nɡ,nɡ
n,n,nt
n,n,n
n,nɡ,nɡ
n,nɡ,nɡ
n,nɡ,nɡ
n,nɡ,nɡ
n,nɡ,nɡ
n,nɡ,nɡ
n,nɡ,nɡ
n,n,nt
n,n,nt
nɡ,nɡ,nɡ
nɡ,nɡ,nɡ
nɡ,nɡ,nɡ
nɡ,nɡ,nɡ
nɡ,nɡ,nɡ
nɡ,nɡ,nɡ
nɡ,n,nɡ
nɡ,n,nɡ
nɡ,nɡ,nɡ
nɡ,nɡ,nɡ
nɡ,nɡ,nɡ
nɡ,nɡ,nɡ
nɡ,nɡ,nɡ
nɡ,n,nɡ
nɡ,n,nɡ
nɡ,nɡ,nɡ
nɡ,nɡ,nɡ
nɡ,nɡ,nɡ
nɡ,nɡ,nɡ
nɡ,n,nɡ
nɡ,n,t
nɡ,nɡ,t
nɡ,nɡ,t
nɡ,nɡ,nɡ
nɡ,n,nɡ
nɡ,n,t
nɡ,nɡ,t
nɡ,nɡ,t
nɡ,n,t
nɡ,n,t
nɡ,nɡ,t
nɡ,n,nɡ
nɡ,n,t
nɡ,n,t
nɡ,n,t
n,n,n
n,n,m
n,nɡ,nɡ
n,nɡ,nɡ
n,nɡ,nɡ
n,nɡ,nɡ
n,nɡ,nɡ
n,nɡ,nɡ
n,nɡ,nɡ
n,n,nt
n,n,nt
n,nɡ,nɡ
n,nɡ,nɡ
n,nɡ,nɡ
n,nɡ,nɡ
n,nɡ,nɡ
n,nɡ,nɡ
n,nɡ,nɡ
n,n,nt
n,n,nt
nɡ,nɡ,nɡ
nɡ,nɡ,nɡ
nɡ,nɡ,nɡ
nɡ,nɡ,nɡ
nɡ,nɡ,nɡ
nɡ,nɡ,nɡ
nɡ,n,nɡ
nɡ,n,nɡ
nɡ,nɡ,nɡ
nɡ,nɡ,nɡ
nɡ,nɡ,nɡ
nɡ,nɡ,nɡ
nɡ,nɡ,nɡ
nɡ,n,nɡ
nɡ,n,nɡ
nɡ,nɡ,nɡ
nɡ,nɡ,nɡ
nɡ,nɡ,nɡ
nɡ,nɡ,nɡ
nɡ,n,nɡ
nɡ,n,t
nɡ,nɡ,nɡ
nɡ,nɡ,nɡ
nɡ,nɡ,nɡ
nɡ,n,nɡ
nɡ,n,t
nɡ,nɡ,t
nɡ,nɡ,t
nɡ,n,t
nɡ,n,t
nɡ,nɡ,t
nɡ,n,t
nɡ,n,t
nɡ,n,t
nɡ,n,t
n,n,n
n,n,n
n,nɡ,nɡ
n,nɡ,nɡ
n,nɡ,nɡ
n,nɡ,nɡ
n,nɡ,nɡ
n,nɡ,nɡ
n,nɡ,nɡ
n,n,n
n,n,n
n,nɡ,nɡ
n,nɡ,nɡ
n,nɡ,nɡ
n,nɡ,nɡ
n,nɡ,nɡ
n,nɡ,nɡ
n,nɡ,nɡ
n,n,nt
n,n,nt
nɡ,nɡ,nɡ
nɡ,nɡ,nɡ
nɡ,nɡ,nɡ
nɡ,nɡ,nɡ
nɡ,nɡ,nɡ
nɡ,nɡ,nɡ
nɡ,n,nɡ
nɡ,n,nɡ
nɡ,nɡ,nɡ
nɡ,nɡ,nɡ
nɡ,nɡ,nɡ
nɡ,nɡ,nɡ
nɡ,nɡ,nɡ
nɡ,n,nɡ
nɡ,n,nɡ
nɡ,nɡ,nɡ
nɡ,nɡ,nɡ
nɡ,nɡ,nɡ
nɡ,nɡ,t
nɡ,n,nɡ
nɡ,n,nɡ
nɡ,nɡ,nɡ
nɡ,nɡ,t
nɡ,nɡ,t
nɡ,n,t
nɡ,n,nɡ
nɡ,nɡ,t
nɡ,nɡ,t
nɡ,n,t
nɡ,n,nɡ
nɡ,nɡ,t
nɡ,n,t
nɡ,n,nɡ
nɡ,n,t
nɡ,n,t
n,n,n
s,s,s
s,s,s
s,s,s
s,sk,sj
s,sk,sk
s,sk,sk
s,sk,sk
s,sk,sk
s,sk,sk
s,sk,sk
s,s,s
s,s,s
s,sk,sj
s,sk,s
s,sk,s
s,sk,s
s,sk,s
s,sk,s
s,sk,s
s,s,s
s,sk,sj
s,sk,s
s,sk,sk
s,sk,sk
s,sk,s
s,sk,s
s,sk,s
s,sk,sj
s,sk,s
s,sk,s
s,sk,s
s,sk,s
s,sk,s
s,sk,s
sk,sk,sk
sk,sk,sk
sk,sk,sk
sk,sk,sk
sk,sk,sk
sk,sk,sk
sk,sk,sk
sk,sk,sk
sk,sk,sk
sk,sk,sk
sk,sk,sk
sk,sk,sk
sk,sk,sk
sk,sk,sk
sk,sk,sk
sk,sk,sk
sk,sk,sk
sk,sk,sk
sk,sk,sk
sk,sk,sk
sk,sk,sk
s,s,s
s,s,s
s,s,s
s,sk,sj
s,sk,sk
s,sk,sk
s,sk,sk
s,sk,sk
s,sk,sk
s,sk,sk
s,s,s
s,s,s
s,sk,sj
s,sk,s
s,sk,s
s,sk,sk
s,sk,s
s,sk,s
s,sk,s
s,s,s
s,sk,sj
s,sk,s
s,sk,sk
s,sk,sk
s,sk,sk
s,sk,sk
s,sk,s
s,sk,sj
s,sk,s
s,sk,s
s,sk,s
s,sk,s
s,sk,s
s,sk,s
sk,sk,sk
sk,sk,sk
sk,sk,sk
sk,sk,sk
sk,sk,sk
sk,sk,sk
sk,sk,sk
sk,sk,sk
sk,sk,sk
sk,sk,sk
sk,sk,sk
sk,sk,sk
sk,sk,sk
sk,sk,sk
sk,sk,sk
sk,sk,sk
sk,sk,sk
sk,sk,sk
sk,sk,sk
sk,sk,sk
sk,sk,sk
s,s,s
s,s,s
s,s,s
s,sk,sj
s,sk,sk
s,sk,sk
s,sk,sk
s,sk,sk
s,sk,sk
s,sk,sk
s,s,s
s,s,s
s,sk,sk
s,sk,sk
s,sk,sk
s,sk,sk
s,sk,sk
s,sk,sk
s,sk,sk
s,s,s
s,sk,sj
s,sk,s
s,sk,sk
s,sk,s
s,sk,s
s,sk,s
s,sk,s
s,sk,sj
s,sk,s
s,sk,s
s,sk,s
s,sk,s
s,sk,s
s,sk,s
sk,sk,sk
sk,sk,sk
sk,sk,sk
sk,sk,sk
sk,sk,sk
sk,sk,sk
sk,sk,sk
sk,sk,sk
sk,sk,sk
sk,sk,sk
sk,sk,sk
sk,sk,sk
sk,sk,sk
sk,sk,sk
sk,sk,sk
sk,sk,sk
sk,sk,sk
sk,sk,sk
sk,sk,sk
sk,sk,nsk
sk,sk,nsk
s,s,s
s,s,s
s,s,s
s,sk,sj
s,sk,s
s,sk,sk
s,sk,sk
s,sk,sk
s,sk,sk
s,sk,sk
s,s,s
s,s,s
s,sk,sj
s,sk,sk
s,sk,sk
s,sk,sk
s,sk,sk
s,sk,sk
s,sk,sk
s,s,s
s,sk,sj
s,sk,s
s,sk,s
s,sk,sk
s,sk,s
s,sk,s
s,sk,s
s,sk,sj
s,sk,s
s,sk,s
s,sk,s
s,sk,s
s,sk,s
s,sk,s
sk,sk,sk
sk,sk,sk
sk,sk,sk
sk,sk,sk
sk,sk,sk
sk,sk,sk
sk,sk,sk
sk,sk,sk
sk,sk,sk
sk,sk,sk
sk,sk,sk
sk,sk,sk
sk,sk,sk
sk,sk,sk
sk,sk,sk
sk,sk,sk
sk,sk,sk
sk,sk,sk
sk,sk,sk
sk,sk,nsk
sk,sk,nsk
s,s,s
s,s,s
s,s,s
s,sk,sj
s,sk,sk
s,sk,sk
s,sk,sk
s,sk,sk
s,sk,sk
s,sk,sk
s,s,s
s,s,s
s,sk,sk
s,sk,sk
s,sk,sk
s,sk,sk
s,sk,sk
s,sk,sk
s,sk,sk
s,s,s
s,sk,sj
s,sk,s
s,sk,s
s,sk,sk
s,sk,sk
s,sk,sk
s,sk,s
s,sk,sj
s,sk,s
s,sk,s
s,sk,sk
s,sk,sk
s,sk,s
s,sk,s
sk,sk,sk
sk,sk,sk
sk,sk,sk
sk,sk,sk
sk,sk,sk
sk,sk,sk
sk,sk,sk
sk,sk,sk
sk,sk,sk
sk,sk,sk
sk,sk,sk
sk,sk,sk
sk,sk,sk
sk,sk,sk
sk,sk,sk
sk,sk,sk
sk,sk,sk
sk,sk,sk
sk,sk,sk
sk,sk,sk
sk,sk,sk
s,s,sj
s,s,s
s,s,s
s,s,s
s,sk,sk
s,sk,sk
s,sk,sk
s,sk,sk
s,sk,sk
s,sk,sk
s,s,s
s,s,s
s,s,s
s,sk,sk
s,sk,sk
s,sk,sk
s,sk,sk
s,sk,sk
s,sk,sk
s,s,s
s,s,s
s,sk,s
s,sk,sk
s,sk,sk
s,sk,sk
s,sk,sk
s,sk,s
s,s,s
s,sk,s
s,sk,sk
s,sk,sk
s,sk,sk
s,sk,sk
s,sk,s
s,sk,s
s,sk,s
s,sk,s
s,sk,s
s,sk,s
s,sk,s
sk,sk,sk
sk,sk,sk
sk,sk,sk
sk,sk,sk
sk,sk,sk
sk,sk,sk
sk,sk,sk
sk,sk,sk
sk,sk,sk
sk,sk,sk
sk,sk,sk
sk,sk,sk
sk,sk,sk
sk,sk,sk
sk,sk,sk
s,s,s
s,s,s
s,s,s
s,s,s
s,sk,sj
s,sk,sk
s,sk,sk
s,sk,sk
s,sk,sk
s,sk,sk
s,s,s
s,s,s
s,s,s
s,sk,sj
s,sk,ns
s,sk,sk
s,sk,sk
s,sk,sk
s,sk,sk
s,s,s
s,s,s
s,sk,sj
s,sk,s
s,sk,s
s,sk,s
s,sk,s
s,sk,s
s,s,s
s,sk,sj
s,sk,sk
s,sk,sk
s,sk,s
s,sk,s
s,sk,s
s,sk,sj
s,sk,s
s,sk,s
s,sk,s
s,sk,s
s,sk,s
sk,sk,sk
sk,sk,sk
sk,sk,sk
sk,sk,sk
sk,sk,sk
sk,sk,sk
sk,sk,sk
sk,sk,sk
sk,sk,sk
sk,sk,sk
sk,sk,sk
sk,sk,sk
sk,sk,sk
sk,sk,sk
sk,sk,sk
s,s,s
s,s,s
s,s,s
s,s,s
s,sk,sj
s,sk,sk
s,sk,sk
s,sk,sk
s,sk,sk
s,sk,sk
s,s,s
s,s,s
s,s,s
s,sk,sk
s,sk,sk
s,sk,sk
s,sk,sk
s,sk,sk
s,sk,sk
s,s,s
s,s,s
s,sk,sj
s,sk,s
s,sk,sk
s,sk,s
s,sk,s
s,sk,s
s,s,s
s,sk,sj
s,sk,s
s,sk,sk
s,sk,s
s,sk,s
s,sk,s
s,sk,sj
s,sk,s
s,sk,s
s,sk,s
s,sk,s
s,sk,s
sk,sk,sk
sk,sk,sk
sk,sk,sk
sk,sk,sk
sk,sk,sk
sk,sk,sk
sk,sk,sk
sk,sk,sk
sk,sk,sk
sk,sk,sk
sk,sk,sk
sk,sk,sk
sk,sk,sk
sk,sk,nsk
sk,sk,nsk
s,s,s
s,s,s
s,s,s
s,s,s
s,sk,sj
s,sk,s
s,sk,sk
s,sk,sk
s,sk,sk
s,sk,sk
s,s,s
s,s,s
s,s,s
s,sk,sj
s,sk,sk
s,sk,sk
s,sk,sk
s,sk,sk
s,sk,sk
s,s,s
s,s,s
s,sk,sj
s,sk,s
s,sk,s
s,sk,sk
s,sk,sk
s,sk,s
s,s,n
s,sk,sj
s,sk,s
s,sk,sk
s,sk,s
s,sk,s
s,sk,s
s,sk,sj
s,sk,s
s,sk,s
s,sk,s
s,sk,s
s,sk,s
sk,sk,sk
sk,sk,sk
sk,sk,sk
sk,sk,sk
sk,sk,sk
sk,sk,sk
sk,sk,sk
sk,sk,sk
sk,sk,sk
sk,sk,sk
sk,sk,sk
sk,sk,sk
sk,sk,sk
sk,sk,sk
sk,sk,sk
s,s,s
s,s,s
s,s,s
s,s,s
s,sk,sj
s,sk,sk
s,sk,sk
s,sk,sk
s,sk,sk
s,sk,sk
s,s,s
s,s,s
s,s,s
s,sk,sk
s,sk,sk
s,sk,sk
s,sk,sk
s,sk,sk
s,sk,sk
s,s,s
s,s,s
s,sk,sj
s,sk,s
s,sk,sk
s,sk,sk
s,sk,sk
s,sk,s
s,s,s
s,sk,sj
s,sk,s
s,sk,sk
s,sk,sk
s,sk,s
s,sk,s
s,sk,sj
s,sk,s
s,sk,s
s,sk,s
s,sk,s
s,sk,s
sk,sk,sk
sk,sk,sk
sk,sk,sk
sk,sk,sk
sk,sk,sk
sk,sk,sk
sk,sk,sk
sk,sk,sk
sk,sk,sk
sk,sk,sk
sk,sk,sk
sk,sk,sk
sk,sk,sk
sk,sk,sk
sk,sk,sk
s,s,s
s,s,s
s,s,s
s,s,s
s,sk,sj
s,sk,sk
s,sk,sk
s,sk,sk
s,sk,sk
s,sk,sk
s,s,s
s,s,s
s,s,s
s,sk,sk
s,sk,sk
s,sk,sk
s,sk,sk
s,sk,sk
s,sk,sk
s,s,s
s,s,s
s,sk,sj
s,sk,s
s,sk,sk
s,sk,sk
s,sk,sk
s,sk,s
s,s,s
s,sk,sj
s,sk,s
s,sk,sk
s,sk,sk
s,sk,s
s,sk,s
s,sk,sj
s,sk,s
s,sk,s
s,sk,s
s,sk,s
s,sk,s
sk,sk,sk
sk,sk,sk
sk,sk,sk
sk,sk,sk
sk,sk,sk
sk,sk,sk
sk,sk,sk
sk,sk,sk
sk,sk,sk
sk,sk,sk
sk,sk,sk
sk,sk,sk
sk,sk,sk
sk,sk,sk
sk,sk,sk
s,s,s
s,s,s
s,s,s
s,s,s
s,sk,sj
s,sk,sk
s,sk,sk
s,sk,sk
s,sk,sk
s,sk,sk
s,s,s
s,s,s
s,s,s
s,sk,sk
s,sk,sk
s,sk,sk
s,sk,sk
s,sk,sk
s,sk,sk
s,s,s
s,s,s
s,sk,sj
s,sk,s
s,sk,sk
s,sk,sk
s,sk,sk
s,sk,sk
s,s,s
s,sk,sj
s,sk,s
s,sk,sk
s,sk,sk
s,sk,sk
s,sk,sk
s,sk,sj
s,sk,s
s,sk,s
s,sk,s
s,sk,s
s,sk,s
sk,sk,sk
sk,sk,sk
sk,sk,sk
sk,sk,sk
sk,sk,sk
sk,sk,sk
sk,sk,sk
sk,sk,sk
sk,sk,sk
sk,sk,sk
sk,sk,sk
sk,sk,sk
sk,sk,sk
sk,sk,sk
sk,sk,sk
s,s,d
s,s,s
s,s,s
s,sk,s
s,sk,s
s,sk,s
s,sk,s
s,sk,s
s,sk,s
s,sk,s
s,s,d
s,s,d
s,sk,d
s,sk,d
s,sk,d
s,sk,d
s,sk,d
s,sk,d
s,sk,d
s,s,d
s,sk,d
s,sk,d
s,sk,d
s,sk,d
s,sk,d
s,sk,d
s,sk,d
s,sk,d
s,sk,d
s,sk,d
s,sk,d
s,sk,d
s,sk,d
s,sk,d
sk,sk,s
sk,sk,s
sk,sk,s
sk,sk,s
sk,sk,s
sk,sk,s
sk,sk,s
sk,sk,s
sk,sk,s
sk,sk,s
sk,sk,s
sk,sk,d
sk,sk,d
sk,sk,d
sk,sk,d
sk,sk,d
sk,sk,d
sk,sk,d
sk,sk,d
sk,sk,d
sk,sk,d
s,s,d
s,s,d
s,s,d
s,sk,s
s,sk,s
s,sk,s
s,sk,s
s,sk,s
s,sk,s
s,sk,d
s,s,d
s,s,d
s,sk,d
s,sk,d
s,sk,d
s,sk,d
s,sk,d
s,sk,d
s,sk,d
s,s,d
s,sk,d
s,sk,d
s,sk,d
s,sk,d
s,sk,d
s,sk,d
s,sk,d
s,sk,d
s,sk,d
s,sk,d
s,sk,d
s,sk,d
s,sk,d
s,sk,d
sk,sk,s
sk,sk,s
sk,sk,s
sk,sk,s
sk,sk,s
sk,sk,d
sk,sk,s
sk,sk,s
sk,sk,s
sk,sk,s
sk,sk,s
sk,sk,d
sk,sk,d
sk,sk,d
sk,sk,d
sk,sk,d
sk,sk,d
sk,sk,d
sk,sk,d
sk,sk,d
sk,sk,d
s,s,s
s,s,d
s,s,d
s,sk,s
s,sk,s
s,sk,d
s,sk,d
s,sk,d
s,sk,d
s,sk,d
s,s,d
s,s,d
s,sk,sk
s,sk,s
s,sk,d
s,sk,d
s,sk,d
s,sk,d
s,sk,d
s,s,d
s,sk,s
s,sk,s
s,sk,d
s,sk,s
s,sk,d
s,sk,d
s,sk,d
s,sk,s
s,sk,s
s,sk,d
s,sk,d
s,sk,d
s,sk,d
s,sk,d
sk,sk,sk
sk,sk,d
sk,sk,d
sk,sk,d
sk,sk,d
sk,sk,d
sk,sk,s
sk,sk,s
sk,sk,s
sk,sk,s
sk,sk,sk
sk,sk,d
sk,sk,sk
sk,sk,sk
sk,sk,sk
sk,sk,d
sk,sk,d
sk,sk,sk
sk,sk,d
sk,sk,d
sk,sk,d
s,s,s
s,s,d
s,s,d
s,sk,sj
s,sk,s
s,sk,d
s,sk,d
s,sk,d
s,sk,s
s,sk,d
s,s,s
s,s,s
s,sk,sk
s,sk,sk
s,sk,d
s,sk,s
s,sk,s
s,sk,s
s,sk,d
s,s,d
s,sk,sk
s,sk,s
s,sk,s
s,sk,d
s,sk,s
s,sk,s
s,sk,d
s,sk,s
s,sk,s
s,sk,d
s,sk,d
s,sk,d
s,sk,d
s,sk,d
sk,sk,sk
sk,sk,d
sk,sk,s
sk,sk,s
sk,sk,s
sk,sk,d
sk,sk,sk
sk,sk,sk
sk,sk,s
sk,sk,s
sk,sk,sk
sk,sk,d
sk,sk,d
sk,sk,d
sk,sk,d
sk,sk,d
sk,sk,d
sk,sk,d
sk,sk,d
sk,sk,sk
sk,sk,sk
s,s,s
s,s,d
s,s,s
s,sk,s
s,sk,s
s,sk,d
s,sk,sk
s,sk,d
s,sk,d
s,sk,d
s,s,d
s,s,s
s,sk,s
s,sk,s
s,sk,sk
s,sk,sk
s,sk,sk
s,sk,sk
s,sk,sk
s,s,s
s,sk,s
s,sk,s
s,sk,d
s,sk,s
s,sk,s
s,sk,s
s,sk,d
s,sk,s
s,sk,s
s,sk,d
s,sk,s
s,sk,d
s,sk,d
s,sk,d
sk,sk,sk
sk,sk,sk
sk,sk,sk
sk,sk,sk
sk,sk,s
sk,sk,s
sk,sk,sk
sk,sk,sk
sk,sk,sk
sk,sk,sk
sk,sk,sk
sk,sk,d
sk,sk,s
sk,sk,s
sk,sk,d
sk,sk,s
sk,sk,s
sk,sk,d
sk,sk,d
sk,sk,d
sk,sk,d
s,s,s
s,s,d
s,s,d
s,s,d
s,sk,d
s,sk,d
s,sk,d
s,sk,d
s,sk,d
s,sk,d
s,s,d
s,s,d
s,s,d
s,sk,d
s,sk,d
s,sk,d
s,sk,s
s,sk,d
s,sk,d
s,s,d
s,s,d
s,sk,d
s,sk,d
s,sk,d
s,sk,d
s,sk,d
s,sk,d
s,s,d
s,sk,d
s,sk,d
s,sk,d
s,sk,d
s,sk,d
s,sk,d
s,sk,d
s,sk,d
s,sk,d
s,sk,d
s,sk,d
s,sk,d
sk,sk,d
sk,sk,s
sk,sk,s
sk,sk,s
sk,sk,d
sk,sk,d
sk,sk,d
sk,sk,d
sk,sk,d
sk,sk,d
sk,sk,d
sk,sk,d
sk,sk,d
sk,sk,d
sk,sk,d
s,s,s
s,s,d
s,s,d
s,s,d
s,sk,d
s,sk,d
s,sk,d
s,sk,d
s,sk,d
s,sk,d
s,s,d
s,s,d
s,s,d
s,sk,sk
s,sk,d
s,sk,sk
s,sk,d
s,sk,d
s,sk,sk
s,s,d
s,s,d
s,sk,d
s,sk,d
s,sk,d
s,sk,d
s,sk,d
s,sk,d
s,s,d
s,sk,d
s,sk,d
s,sk,d
s,sk,d
s,sk,d
s,sk,d
s,sk,d
s,sk,d
s,sk,d
s,sk,d
s,sk,d
s,sk,d
sk,sk,d
sk,sk,s
sk,sk,s
sk,sk,s
sk,sk,sk
sk,sk,d
sk,sk,d
sk,sk,d
sk,sk,d
sk,sk,d
sk,sk,d
sk,sk,d
sk,sk,d
sk,sk,d
sk,sk,d
s,s,s
s,s,d
s,s,d
s,s,d
s,sk,sk
s,sk,s
s,sk,s
s,sk,d
s,sk,d
s,sk,d
s,s,d
s,s,d
s,s,d
s,sk,sk
s,sk,sk
s,sk,s
s,sk,s
s,sk,s
s,sk,d
s,s,d
s,s,d
s,sk,sk
s,sk,s
s,sk,s
s,sk,d
s,sk,d
s,sk,d
s,s,d
s,sk,sk
s,sk,s
s,sk,s
s,sk,d
s,sk,d
s,sk,d
s,sk,s
s,sk,s
s,sk,d
s,sk,d
s,sk,d
s,sk,d
sk,sk,sk
sk,sk,s
sk,sk,d
sk,sk,d
sk,sk,d
sk,sk,sk
sk,sk,s
sk,sk,s
sk,sk,s
sk,sk,d
sk,sk,d
sk,sk,d
sk,sk,d
sk,sk,d
sk,sk,d
s,s,d
s,s,d
s,s,d
s,s,d
s,sk,s
s,sk,s
s,sk,sk
s,sk,s
s,sk,s
s,sk,d
s,s,d
s,s,d
s,s,d
s,sk,sk
s,sk,sk
s,sk,sk
s,sk,s
s,sk,s
s,sk,sk
s,s,d
s,s,d
s,sk,sk
s,sk,s
s,sk,s
s,sk,s
s,sk,s
s,sk,d
s,s,d
s,sk,sk
s,sk,s
s,sk,s
s,sk,s
s,sk,s
s,sk,d
s,sk,s
s,sk,s
s,sk,d
s,sk,d
s,sk,d
s,sk,d
sk,sk,sk
sk,sk,sk
sk,sk,s
sk,sk,s
sk,sk,sk
sk,sk,sk
sk,sk,s
sk,sk,s
sk,sk,s
sk,sk,s
sk,sk,s
sk,sk,d
sk,sk,d
sk,sk,d
sk,sk,d
s,s,s
s,s,d
s,s,d
s,s,d
s,sk,s
s,sk,s
s,sk,d
s,sk,s
s,sk,s
s,sk,s
s,s,d
s,s,d
s,s,d
s,sk,s
s,sk,s
s,sk,s
s,sk,sk
s,sk,sk
s,sk,s
s,s,d
s,s,d
s,sk,s
s,sk,s
s,sk,s
s,sk,s
s,sk,s
s,sk,d
s,s,d
s,sk,s
s,sk,s
s,sk,s
s,sk,s
s,sk,d
s,sk,d
s,sk,s
s,sk,s
s,sk,d
s,sk,s
s,sk,d
s,sk,d
sk,sk,sk
sk,sk,sk
sk,sk,sk
sk,sk,s
sk,sk,s
sk,sk,sk
sk,sk,sk
sk,sk,sk
sk,sk,sk
sk,sk,s
sk,sk,s
sk,sk,s
sk,sk,d
sk,sk,d
sk,sk,d
s,s,s
s,s,d
s,s,d
s,s,d
s,sk,s
s,sk,s
s,sk,d
s,sk,s
s,sk,s
s,sk,sk
s,s,d
s,s,d
s,s,d
s,sk,s
s,sk,s
s,sk,s
s,sk,sk
s,sk,sk
s,sk,s
s,s,d
s,s,d
s,sk,s
s,sk,s
s,sk,s
s,sk,s
s,sk,s
s,sk,d
s,s,d
s,sk,s
s,sk,s
s,sk,d
s,sk,s
s,sk,d
s,sk,d
s,sk,s
s,sk,s
s,sk,d
s,sk,s
s,sk,d
s,sk,d
sk,sk,sk
sk,sk,sk
sk,sk,sk
sk,sk,s
sk,sk,sk
sk,sk,sk
sk,sk,sk
sk,sk,sk
sk,sk,sk
sk,sk,s
sk,sk,s
sk,sk,s
sk,sk,d
sk,sk,d
sk,sk,d
s,s,d
s,s,s
s,s,s
s,s,d
s,sk,sk
s,sk,sk
s,sk,sk
s,sk,sk
s,sk,sk
s,sk,sk
s,s,s
s,s,s
s,s,s
s,sk,sk
s,sk,sk
s,sk,sk
s,sk,sk
s,sk,sk
s,sk,sk
s,s,s
s,s,d
s,sk,sk
s,sk,sk
s,sk,sk
s,sk,sk
s,sk,sk
s,sk,sk
s,s,d
s,sk,s
s,sk,sk
s,sk,sk
s,sk,sk
s,sk,sk
s,sk,sk
s,sk,s
s,sk,sk
s,sk,sk
s,sk,sk
s,sk,d
s,sk,sk
sk,sk,sk
sk,sk,sk
sk,sk,sk
sk,sk,d
sk,sk,d
sk,sk,sk
sk,sk,sk
sk,sk,s
sk,sk,s
sk,sk,sk
sk,sk,sk
sk,sk,sk
sk,sk,sk
sk,sk,sk
sk,sk,sk
