lemmas,pred_stems,pred_suffixes,test_stems,test_suffixes
antedesˈiɾ,antedes,imos,antedes,imos
antedesˈiɾ,antedes,imos,antedes,imos
antedesˈiɾ,antedis,amos,antedes,imos
antedesˈiɾ,antedes,imos,antedes,imos
antedesˈiɾ,antedes,imos,antedes,imos
antedesˈiɾ,antedes,imos,antedes,imos
antedesˈiɾ,antedes,imos,antedes,imos
antedesˈiɾ,antedes,imos,antedes,imos
antedesˈiɾ,antedes,imos,antedes,imos
antedesˈiɾ,antedes,imos,antedes,imos
antedesˈiɾ,antedis,amos,antedes,imos
antedesˈiɾ,antedis,amos,antedes,imos
antedesˈiɾ,antedis,amos,antedes,imos
antedesˈiɾ,antedis,amos,antedes,imos
antedesˈiɾ,antedis,amos,antedes,imos
antedesˈiɾ,antedis,amos,antedes,imos
antedesˈiɾ,antedis,amos,antedes,imos
antedesˈiɾ,antedis,amos,antedes,imos
antedesˈiɾ,antedis,amos,antedes,imos
antedesˈiɾ,antedis,amos,antedes,imos
antedesˈiɾ,antedis,amos,antedes,imos
antedesˈiɾ,antedis,amos,antedes,imos
antedesˈiɾ,antedis,amos,antedes,imos
antedesˈiɾ,antedis,amos,antedes,imos
antedesˈiɾ,antedis,amos,antedes,imos
antedesˈiɾ,antedis,amos,antedes,imos
antedesˈiɾ,antedis,amos,antedes,imos
antedesˈiɾ,antedis,amos,antedes,imos
antedesˈiɾ,antedis,amos,antedes,imos
antedesˈiɾ,antedis,amos,antedes,imos
antedesˈiɾ,antedis,amos,antedes,imos
antedesˈiɾ,antedis,amos,antedes,imos
antedesˈiɾ,antedis,o,antedes,imos
antedesˈiɾ,antedis,amos,antedes,imos
antedesˈiɾ,antediɡ,amos,antedes,imos
antedesˈiɾ,antediɡ,amos,antedes,imos
antedesˈiɾ,antediɡ,amos,antedes,imos
antedesˈiɾ,antediɡ,amos,antedes,imos
antedesˈiɾ,antediɡ,amos,antedes,imos
antedesˈiɾ,antediɡ,amos,antedes,imos
antedesˈiɾ,antediɡ,amos,antedes,imos
antedesˈiɾ,antediɡ,amos,antedes,imos
antedesˈiɾ,antediɡ,amos,antedes,imos
antedesˈiɾ,antediɡ,amos,antedes,imos
antedesˈiɾ,antediɡ,amos,antedes,imos
antedesˈiɾ,antediɡ,amos,antedes,imos
antedesˈiɾ,antediɡ,amos,antedes,imos
antedesˈiɾ,antediɡ,amos,antedes,imos
antedesˈiɾ,antediɡ,amos,antedes,imos
antedesˈiɾ,antediɡ,amos,antedes,imos
antedesˈiɾ,antediɡ,amos,antedes,imos
antedesˈiɾ,antediɡ,amos,antedes,imos
antedesˈiɾ,antediɡ,amos,antedes,imos
antedesˈiɾ,antediɡ,amos,antedes,imos
antedesˈiɾ,antediɡ,amos,antedes,imos
antedesˈiɾ,antedes,imos,antedes,is
antedesˈiɾ,antedes,imos,antedes,is
antedesˈiɾ,antedes,imos,antedes,is
antedesˈiɾ,antedes,imos,antedes,is
antedesˈiɾ,antedes,imos,antedes,is
antedesˈiɾ,antedes,imos,antedes,is
antedesˈiɾ,antedes,imos,antedes,is
antedesˈiɾ,antedes,imos,antedes,is
antedesˈiɾ,antedes,imos,antedes,is
antedesˈiɾ,antedes,imos,antedes,is
antedesˈiɾ,antedis,ajs,antedes,is
antedesˈiɾ,antedis,ajs,antedes,is
antedesˈiɾ,antedis,ajs,antedes,is
antedesˈiɾ,antedis,ajs,antedes,is
antedesˈiɾ,antedis,ajs,antedes,is
antedesˈiɾ,antedis,ajs,antedes,is
antedesˈiɾ,antedis,ajs,antedes,is
antedesˈiɾ,antedis,ajs,antedes,is
antedesˈiɾ,antedis,ajs,antedes,is
antedesˈiɾ,antedis,ajs,antedes,is
antedesˈiɾ,antedis,ajs,antedes,is
antedesˈiɾ,antedis,ajs,antedes,is
antedesˈiɾ,antedis,ajs,antedes,is
antedesˈiɾ,antedis,ajs,antedes,is
antedesˈiɾ,antedis,ajs,antedes,is
antedesˈiɾ,antedis,ajs,antedes,is
antedesˈiɾ,antedis,ajs,antedes,is
antedesˈiɾ,antedis,ajs,antedes,is
antedesˈiɾ,antedis,ajs,antedes,is
antedesˈiɾ,antedis,ajs,antedes,is
antedesˈiɾ,antedis,ajs,antedes,is
antedesˈiɾ,antedis,ajs,antedes,is
antedesˈiɾ,antedis,ajs,antedes,is
antedesˈiɾ,antedis,ajs,antedes,is
antedesˈiɾ,antediɡ,ajs,antedes,is
antedesˈiɾ,antediɡ,ajs,antedes,is
antedesˈiɾ,antediɡ,ajs,antedes,is
antedesˈiɾ,antediɡ,ajs,antedes,is
antedesˈiɾ,antediɡ,ajs,antedes,is
antedesˈiɾ,antediɡ,ajs,antedes,is
antedesˈiɾ,antediɡ,ajs,antedes,is
antedesˈiɾ,antediɡ,ajs,antedes,is
antedesˈiɾ,antediɡ,ajs,antedes,is
antedesˈiɾ,antediɡ,ajs,antedes,is
antedesˈiɾ,antediɡ,ajs,antedes,is
antedesˈiɾ,antediɡ,ajs,antedes,is
antedesˈiɾ,antediɡ,ajs,antedes,is
antedesˈiɾ,antediɡ,ajs,antedes,is
antedesˈiɾ,antediɡ,ajs,antedes,is
antedesˈiɾ,antediɡ,ajs,antedes,is
antedesˈiɾ,antediɡ,ajs,antedes,is
antedesˈiɾ,antediɡ,ajs,antedes,is
antedesˈiɾ,antediɡ,ajs,antedes,is
antedesˈiɾ,antediɡ,ajs,antedes,is
antedesˈiɾ,antediɡ,ajs,antedes,is
antedesˈiɾ,antedes,imos,antedis,en
antedesˈiɾ,antedis,an,antedis,en
antedesˈiɾ,antedis,an,antedis,en
antedesˈiɾ,antedis,en,antedis,en
antedesˈiɾ,antedis,en,antedis,en
antedesˈiɾ,antedis,en,antedis,en
antedesˈiɾ,antedis,en,antedis,en
antedesˈiɾ,antedis,en,antedis,en
antedesˈiɾ,antedis,en,antedis,en
antedesˈiɾ,antedis,an,antedis,en
antedesˈiɾ,antedis,an,antedis,en
antedesˈiɾ,antedis,an,antedis,en
antedesˈiɾ,antedesk,an,antedis,en
antedesˈiɾ,antedes,an,antedis,en
antedesˈiɾ,antedis,en,antedis,en
antedesˈiɾ,antedis,an,antedis,en
antedesˈiɾ,antedis,en,antedis,en
antedesˈiɾ,antedis,en,antedis,en
antedesˈiɾ,antedis,an,antedis,en
antedesˈiɾ,antedis,an,antedis,en
antedesˈiɾ,antedis,en,antedis,en
antedesˈiɾ,antedis,en,antedis,en
antedesˈiɾ,antedis,en,antedis,en
antedesˈiɾ,antedis,an,antedis,en
antedesˈiɾ,antedis,en,antedis,en
antedesˈiɾ,antedis,en,antedis,en
antedesˈiɾ,antedis,an,antedis,en
antedesˈiɾ,antedis,an,antedis,en
antedesˈiɾ,antedis,an,antedis,en
antedesˈiɾ,antedis,en,antedis,en
antedesˈiɾ,antedis,an,antedis,en
antedesˈiɾ,antedis,en,antedis,en
antedesˈiɾ,antedis,en,antedis,en
antedesˈiɾ,antedis,an,antedis,en
antedesˈiɾ,antediɡ,an,antedis,en
antedesˈiɾ,antediɡ,an,antedis,en
antedesˈiɾ,antediɡ,an,antedis,en
antedesˈiɾ,antediɡ,an,antedis,en
antedesˈiɾ,antediɡ,an,antedis,en
antedesˈiɾ,antediɡ,an,antedis,en
antedesˈiɾ,antediɡ,an,antedis,en
antedesˈiɾ,antediɡ,an,antedis,en
antedesˈiɾ,antediɡ,an,antedis,en
antedesˈiɾ,antediɡ,an,antedis,en
antedesˈiɾ,antediɡ,an,antedis,en
antedesˈiɾ,antediɡ,an,antedis,en
antedesˈiɾ,antediɡ,an,antedis,en
antedesˈiɾ,antediɡ,an,antedis,en
antedesˈiɾ,antediɡ,an,antedis,en
antedesˈiɾ,antediɡ,an,antedis,en
antedesˈiɾ,antediɡ,an,antedis,en
antedesˈiɾ,antediɡ,an,antedis,en
antedesˈiɾ,antediɡ,an,antedis,en
antedesˈiɾ,antediɡ,an,antedis,en
antedesˈiɾ,antediɡ,an,antedis,en
antedesˈiɾ,antedes,imos,antedis,es
antedesˈiɾ,antedis,as,antedis,es
antedesˈiɾ,antedis,as,antedis,es
antedesˈiɾ,antedes,imos,antedis,es
antedesˈiɾ,antedesim,as,antedis,es
antedesˈiɾ,antedis,es,antedis,es
antedesˈiɾ,antedis,es,antedis,es
antedesˈiɾ,antedis,es,antedis,es
antedesˈiɾ,antedis,es,antedis,es
antedesˈiɾ,antedis,as,antedis,es
antedesˈiɾ,antedis,as,antedis,es
antedesˈiɾ,antedis,as,antedis,es
antedesˈiɾ,antedesk,as,antedis,es
antedesˈiɾ,antedes,emos,antedis,es
antedesˈiɾ,antedis,es,antedis,es
antedesˈiɾ,antedis,es,antedis,es
antedesˈiɾ,antedis,es,antedis,es
antedesˈiɾ,antedis,es,antedis,es
antedesˈiɾ,antedis,as,antedis,es
antedesˈiɾ,antedis,as,antedis,es
antedesˈiɾ,antedisj,ejs,antedis,es
antedesˈiɾ,antedis,emos,antedis,es
antedesˈiɾ,antedis,es,antedis,es
antedesˈiɾ,antedis,es,antedis,es
antedesˈiɾ,antedis,es,antedis,es
antedesˈiɾ,antedis,es,antedis,es
antedesˈiɾ,antedis,as,antedis,es
antedesˈiɾ,antedis,es,antedis,es
antedesˈiɾ,antedis,as,antedis,es
antedesˈiɾ,antedis,es,antedis,es
antedesˈiɾ,antedis,es,antedis,es
antedesˈiɾ,antedis,es,antedis,es
antedesˈiɾ,antedis,es,antedis,es
antedesˈiɾ,antedis,as,antedis,es
antedesˈiɾ,antediɡ,emos,antedis,es
antedesˈiɾ,antediɡ,as,antedis,es
antedesˈiɾ,antediɡ,as,antedis,es
antedesˈiɾ,antediɡ,as,antedis,es
antedesˈiɾ,antediɡ,as,antedis,es
antedesˈiɾ,antediɡ,as,antedis,es
antedesˈiɾ,antediɡ,as,antedis,es
antedesˈiɾ,antediɡ,as,antedis,es
antedesˈiɾ,antediɡ,as,antedis,es
antedesˈiɾ,antediɡ,as,antedis,es
antedesˈiɾ,antediɡ,as,antedis,es
antedesˈiɾ,antediɡ,as,antedis,es
antedesˈiɾ,antediɡ,as,antedis,es
antedesˈiɾ,antediɡ,as,antedis,es
antedesˈiɾ,antediɡ,as,antedis,es
antedesˈiɾ,antediɡ,as,antedis,es
antedesˈiɾ,antediɡ,as,antedis,es
antedesˈiɾ,antediɡ,as,antedis,es
antedesˈiɾ,antediɡ,as,antedis,es
antedesˈiɾ,antediɡ,as,antedis,es
antedesˈiɾ,antediɡ,as,antedis,es
antedesˈiɾ,antedes,imos,antedis,e
antedesˈiɾ,antedis,a,antedis,e
antedesˈiɾ,antedis,a,antedis,e
antedesˈiɾ,antedesim,a,antedis,e
antedesˈiɾ,antedis,e,antedis,e
antedesˈiɾ,antedis,e,antedis,e
antedesˈiɾ,antedis,e,antedis,e
antedesˈiɾ,antedis,e,antedis,e
antedesˈiɾ,antedis,e,antedis,e
antedesˈiɾ,antedis,a,antedis,e
antedesˈiɾ,antedis,a,antedis,e
antedesˈiɾ,antedis,a,antedis,e
antedesˈiɾ,antedesk,a,antedis,e
antedesˈiɾ,antedes,a,antedis,e
antedesˈiɾ,antedis,e,antedis,e
antedesˈiɾ,antedis,e,antedis,e
antedesˈiɾ,antedis,e,antedis,e
antedesˈiɾ,antedis,e,antedis,e
antedesˈiɾ,antedis,a,antedis,e
antedesˈiɾ,antedis,a,antedis,e
antedesˈiɾ,antedis,e,antedis,e
antedesˈiɾ,antedis,a,antedis,e
antedesˈiɾ,antedis,e,antedis,e
antedesˈiɾ,antedis,e,antedis,e
antedesˈiɾ,antedis,e,antedis,e
antedesˈiɾ,antedis,e,antedis,e
antedesˈiɾ,antedis,a,antedis,e
antedesˈiɾ,antedis,e,antedis,e
antedesˈiɾ,antedis,a,antedis,e
antedesˈiɾ,antedis,e,antedis,e
antedesˈiɾ,antedis,e,antedis,e
antedesˈiɾ,antedis,e,antedis,e
antedesˈiɾ,antedis,e,antedis,e
antedesˈiɾ,antedis,a,antedis,e
antedesˈiɾ,antediɡ,ejs,antedis,e
antedesˈiɾ,antediɡ,a,antedis,e
antedesˈiɾ,antediɡ,a,antedis,e
antedesˈiɾ,antediɡ,a,antedis,e
antedesˈiɾ,antediɡ,a,antedis,e
antedesˈiɾ,antediɡ,a,antedis,e
antedesˈiɾ,antediɡ,a,antedis,e
antedesˈiɾ,antediɡ,a,antedis,e
antedesˈiɾ,antediɡ,a,antedis,e
antedesˈiɾ,antediɡ,a,antedis,e
antedesˈiɾ,antediɡ,a,antedis,e
antedesˈiɾ,antediɡ,a,antedis,e
antedesˈiɾ,antediɡ,a,antedis,e
antedesˈiɾ,antediɡ,a,antedis,e
antedesˈiɾ,antediɡ,a,antedis,e
antedesˈiɾ,antediɡ,a,antedis,e
antedesˈiɾ,antediɡ,a,antedis,e
antedesˈiɾ,antediɡ,a,antedis,e
antedesˈiɾ,antediɡ,a,antedis,e
antedesˈiɾ,antediɡ,a,antedis,e
antedesˈiɾ,antediɡ,a,antedis,e
antedesˈiɾ,antedes,imos,antediɡ,ajs
antedesˈiɾ,antedes,imos,antediɡ,ajs
antedesˈiɾ,antedes,imos,antediɡ,ajs
antedesˈiɾ,antedes,imos,antediɡ,ajs
antedesˈiɾ,antedes,imos,antediɡ,ajs
antedesˈiɾ,antedes,imos,antediɡ,ajs
antedesˈiɾ,antedes,imos,antediɡ,ajs
antedesˈiɾ,antedes,imos,antediɡ,ajs
antedesˈiɾ,antedes,imos,antediɡ,ajs
antedesˈiɾ,,,antediɡ,ajs
antedesˈiɾ,antedes,ejs,antediɡ,ajs
antedesˈiɾ,antedes,ejs,antediɡ,ajs
antedesˈiɾ,antedes,ejs,antediɡ,ajs
antedesˈiɾ,antedes,ejs,antediɡ,ajs
antedesˈiɾ,antedes,ejs,antediɡ,ajs
antedesˈiɾ,antedes,ejs,antediɡ,ajs
antedesˈiɾ,antedes,ejs,antediɡ,ajs
antedesˈiɾ,antedes,ejs,antediɡ,ajs
antedesˈiɾ,antedes,ejs,antediɡ,ajs
antedesˈiɾ,antedis,ejs,antediɡ,ajs
antedesˈiɾ,antedis,ejs,antediɡ,ajs
antedesˈiɾ,antedis,ejs,antediɡ,ajs
antedesˈiɾ,antedis,ejs,antediɡ,ajs
antedesˈiɾ,antedis,ejs,antediɡ,ajs
antedesˈiɾ,antedis,ejs,antediɡ,ajs
antedesˈiɾ,antedis,ejs,antediɡ,ajs
antedesˈiɾ,antedis,ejs,antediɡ,ajs
antedesˈiɾ,antedis,ejs,antediɡ,ajs
antedesˈiɾ,antedis,ejs,antediɡ,ajs
antedesˈiɾ,antedis,ejs,antediɡ,ajs
antedesˈiɾ,antedis,ejs,antediɡ,ajs
antedesˈiɾ,antedis,ejs,antediɡ,ajs
antedesˈiɾ,antedis,ejs,antediɡ,ajs
antedesˈiɾ,antedis,ejs,antediɡ,ajs
antedesˈiɾ,antedis,ejs,antediɡ,ajs
antedesˈiɾ,antedis,ejs,antediɡ,ajs
antedesˈiɾ,antedis,ejs,antediɡ,ajs
antedesˈiɾ,antedis,ejs,antediɡ,ajs
antedesˈiɾ,antedis,ejs,antediɡ,ajs
antedesˈiɾ,antedis,ejs,antediɡ,ajs
antedesˈiɾ,antediɡ,ejs,antediɡ,ajs
antedesˈiɾ,antediɡ,ejs,antediɡ,ajs
antedesˈiɾ,antediɡ,ejs,antediɡ,ajs
antedesˈiɾ,antediɡ,ejs,antediɡ,ajs
antedesˈiɾ,antediɡ,ejs,antediɡ,ajs
antedesˈiɾ,antediɡ,ejs,antediɡ,ajs
antedesˈiɾ,antediɡ,ejs,antediɡ,ajs
antedesˈiɾ,antediɡ,ejs,antediɡ,ajs
antedesˈiɾ,antediɡ,ejs,antediɡ,ajs
antedesˈiɾ,antediɡ,ejs,antediɡ,ajs
antedesˈiɾ,antediɡ,ejs,antediɡ,ajs
antedesˈiɾ,antediɡ,ejs,antediɡ,ajs
antedesˈiɾ,antediɡ,ejs,antediɡ,ajs
antedesˈiɾ,antediɡ,ejs,antediɡ,ajs
antedesˈiɾ,antediɡ,ejs,antediɡ,ajs
antedesˈiɾ,antedes,imos,antediɡ,amos
antedesˈiɾ,antedes,imos,antediɡ,amos
antedesˈiɾ,antedes,imos,antediɡ,amos
antedesˈiɾ,antedes,imos,antediɡ,amos
antedesˈiɾ,antedes,imos,antediɡ,amos
antedesˈiɾ,antedes,imos,antediɡ,amos
antedesˈiɾ,antedes,imos,antediɡ,amos
antedesˈiɾ,antedes,imos,antediɡ,amos
antedesˈiɾ,antedes,imos,antediɡ,amos
antedesˈiɾ,antedes,emos,antediɡ,amos
antedesˈiɾ,antedes,imos,antediɡ,amos
antedesˈiɾ,antedes,emos,antediɡ,amos
antedesˈiɾ,antedes,emos,antediɡ,amos
antedesˈiɾ,antedes,emos,antediɡ,amos
antedesˈiɾ,antedes,emos,antediɡ,amos
antedesˈiɾ,antedes,emos,antediɡ,amos
antedesˈiɾ,antedes,emos,antediɡ,amos
antedesˈiɾ,antedes,emos,antediɡ,amos
antedesˈiɾ,antedes,emos,antediɡ,amos
antedesˈiɾ,antedis,emos,antediɡ,amos
antedesˈiɾ,antedis,emos,antediɡ,amos
antedesˈiɾ,antedisj,emos,antediɡ,amos
antedesˈiɾ,antedis,emos,antediɡ,amos
antedesˈiɾ,antedis,emos,antediɡ,amos
antedesˈiɾ,antedis,emos,antediɡ,amos
antedesˈiɾ,antedis,emos,antediɡ,amos
antedesˈiɾ,antedis,emos,antediɡ,amos
antedesˈiɾ,antedis,emos,antediɡ,amos
antedesˈiɾ,antedis,emos,antediɡ,amos
antedesˈiɾ,antedis,emos,antediɡ,amos
antedesˈiɾ,antedis,emos,antediɡ,amos
antedesˈiɾ,antedis,emos,antediɡ,amos
antedesˈiɾ,antedis,emos,antediɡ,amos
antedesˈiɾ,antedis,emos,antediɡ,amos
antedesˈiɾ,antedis,emos,antediɡ,amos
antedesˈiɾ,antedis,emos,antediɡ,amos
antedesˈiɾ,antedis,emos,antediɡ,amos
antedesˈiɾ,antedis,emos,antediɡ,amos
antedesˈiɾ,antedis,emos,antediɡ,amos
antedesˈiɾ,antedis,emos,antediɡ,amos
antedesˈiɾ,antediɡ,emos,antediɡ,amos
antedesˈiɾ,antediɡ,emos,antediɡ,amos
antedesˈiɾ,antediɡ,emos,antediɡ,amos
antedesˈiɾ,antediɡ,emos,antediɡ,amos
antedesˈiɾ,antediɡ,emos,antediɡ,amos
antedesˈiɾ,antediɡ,emos,antediɡ,amos
antedesˈiɾ,antediɡ,emos,antediɡ,amos
antedesˈiɾ,antediɡ,emos,antediɡ,amos
antedesˈiɾ,antediɡ,emos,antediɡ,amos
antedesˈiɾ,antediɡ,emos,antediɡ,amos
antedesˈiɾ,antediɡ,emos,antediɡ,amos
antedesˈiɾ,antediɡ,emos,antediɡ,amos
antedesˈiɾ,antediɡ,emos,antediɡ,amos
antedesˈiɾ,antediɡ,emos,antediɡ,amos
antedesˈiɾ,antediɡ,emos,antediɡ,amos
antedesˈiɾ,antedes,imos,antediɡ,an
antedesˈiɾ,antedis,an,antediɡ,an
antedesˈiɾ,antedis,en,antediɡ,an
antedesˈiɾ,antedis,an,antediɡ,an
antedesˈiɾ,antedis,en,antediɡ,an
antedesˈiɾ,antedis,en,antediɡ,an
antedesˈiɾ,antedis,en,antediɡ,an
antedesˈiɾ,antedis,en,antediɡ,an
antedesˈiɾ,antedis,en,antediɡ,an
antedesˈiɾ,antedis,en,antediɡ,an
antedesˈiɾ,antedis,en,antediɡ,an
antedesˈiɾ,antedis,en,antediɡ,an
antedesˈiɾ,antedis,en,antediɡ,an
antedesˈiɾ,antedes,en,antediɡ,an
antedesˈiɾ,antedes,en,antediɡ,an
antedesˈiɾ,antedis,en,antediɡ,an
antedesˈiɾ,antedis,en,antediɡ,an
antedesˈiɾ,antedis,en,antediɡ,an
antedesˈiɾ,antedis,en,antediɡ,an
antedesˈiɾ,antedis,en,antediɡ,an
antedesˈiɾ,antedis,an,antediɡ,an
antedesˈiɾ,antedisj,en,antediɡ,an
antedesˈiɾ,antedis,en,antediɡ,an
antedesˈiɾ,antedis,en,antediɡ,an
antedesˈiɾ,antedis,en,antediɡ,an
antedesˈiɾ,antedis,en,antediɡ,an
antedesˈiɾ,antedis,en,antediɡ,an
antedesˈiɾ,antedis,an,antediɡ,an
antedesˈiɾ,antedis,en,antediɡ,an
antedesˈiɾ,antedis,en,antediɡ,an
antedesˈiɾ,antedis,en,antediɡ,an
antedesˈiɾ,antedis,en,antediɡ,an
antedesˈiɾ,antedis,en,antediɡ,an
antedesˈiɾ,antedis,en,antediɡ,an
antedesˈiɾ,antedis,en,antediɡ,an
antedesˈiɾ,antedis,en,antediɡ,an
antedesˈiɾ,antedis,en,antediɡ,an
antedesˈiɾ,antedis,en,antediɡ,an
antedesˈiɾ,antedis,en,antediɡ,an
antedesˈiɾ,antedis,en,antediɡ,an
antedesˈiɾ,antediɡ,en,antediɡ,an
antedesˈiɾ,antediɡ,en,antediɡ,an
antedesˈiɾ,antediɡ,en,antediɡ,an
antedesˈiɾ,antediɡ,en,antediɡ,an
antedesˈiɾ,antediɡ,en,antediɡ,an
antedesˈiɾ,antediɡ,en,antediɡ,an
antedesˈiɾ,antediɡ,en,antediɡ,an
antedesˈiɾ,antediɡ,en,antediɡ,an
antedesˈiɾ,antediɡ,en,antediɡ,an
antedesˈiɾ,antediɡ,en,antediɡ,an
antedesˈiɾ,antediɡ,en,antediɡ,an
antedesˈiɾ,antediɡ,en,antediɡ,an
antedesˈiɾ,antediɡ,en,antediɡ,an
antedesˈiɾ,antediɡ,en,antediɡ,an
antedesˈiɾ,antediɡ,en,antediɡ,an
antedesˈiɾ,antedes,imos,antediɡ,as
antedesˈiɾ,antedis,es,antediɡ,as
antedesˈiɾ,antedis,as,antediɡ,as
antedesˈiɾ,antedis,a,antediɡ,as
antedesˈiɾ,antedis,es,antediɡ,as
antedesˈiɾ,antedis,es,antediɡ,as
antedesˈiɾ,antedis,es,antediɡ,as
antedesˈiɾ,antedis,es,antediɡ,as
antedesˈiɾ,antedis,es,antediɡ,as
antedesˈiɾ,antedis,es,antediɡ,as
antedesˈiɾ,antedis,es,antediɡ,as
antedesˈiɾ,antedis,es,antediɡ,as
antedesˈiɾ,antedis,a,antediɡ,as
antedesˈiɾ,antedes,es,antediɡ,as
antedesˈiɾ,antedes,es,antediɡ,as
antedesˈiɾ,antedis,es,antediɡ,as
antedesˈiɾ,antedis,es,antediɡ,as
antedesˈiɾ,antedis,es,antediɡ,as
antedesˈiɾ,antedis,es,antediɡ,as
antedesˈiɾ,antedis,as,antediɡ,as
antedesˈiɾ,antedis,a,antediɡ,as
antedesˈiɾ,antedisj,ejs,antediɡ,as
antedesˈiɾ,antedis,emos,antediɡ,as
antedesˈiɾ,antedis,es,antediɡ,as
antedesˈiɾ,antedis,es,antediɡ,as
antedesˈiɾ,antedis,es,antediɡ,as
antedesˈiɾ,antedis,es,antediɡ,as
antedesˈiɾ,antedis,a,antediɡ,as
antedesˈiɾ,antedis,ejs,antediɡ,as
antedesˈiɾ,antedis,emos,antediɡ,as
antedesˈiɾ,antedis,es,antediɡ,as
antedesˈiɾ,antedis,es,antediɡ,as
antedesˈiɾ,antedis,es,antediɡ,as
antedesˈiɾ,antedis,es,antediɡ,as
antedesˈiɾ,antedis,ejs,antediɡ,as
antedesˈiɾ,antedis,es,antediɡ,as
antedesˈiɾ,antedis,es,antediɡ,as
antedesˈiɾ,antedis,es,antediɡ,as
antedesˈiɾ,antedis,es,antediɡ,as
antedesˈiɾ,antedis,es,antediɡ,as
antedesˈiɾ,antediɡ,emos,antediɡ,as
antedesˈiɾ,antediɡ,es,antediɡ,as
antedesˈiɾ,antediɡ,es,antediɡ,as
antedesˈiɾ,antediɡ,es,antediɡ,as
antedesˈiɾ,antediɡ,es,antediɡ,as
antedesˈiɾ,antediɡ,es,antediɡ,as
antedesˈiɾ,antediɡ,es,antediɡ,as
antedesˈiɾ,antediɡ,es,antediɡ,as
antedesˈiɾ,antediɡ,es,antediɡ,as
antedesˈiɾ,antediɡ,es,antediɡ,as
antedesˈiɾ,antediɡ,es,antediɡ,as
antedesˈiɾ,antediɡ,es,antediɡ,as
antedesˈiɾ,antediɡ,es,antediɡ,as
antedesˈiɾ,antediɡ,es,antediɡ,as
antedesˈiɾ,antediɡ,es,antediɡ,as
antedesˈiɾ,antedes,imos,antediɡ,a
antedesˈiɾ,antedis,e,antediɡ,a
antedesˈiɾ,antedis,e,antediɡ,a
antedesˈiɾ,antedis,a,antediɡ,a
antedesˈiɾ,antedis,e,antediɡ,a
antedesˈiɾ,antedis,e,antediɡ,a
antedesˈiɾ,antedis,e,antediɡ,a
antedesˈiɾ,antedis,e,antediɡ,a
antedesˈiɾ,antedis,e,antediɡ,a
antedesˈiɾ,antedis,e,antediɡ,a
antedesˈiɾ,antedis,e,antediɡ,a
antedesˈiɾ,antedis,e,antediɡ,a
antedesˈiɾ,antedis,a,antediɡ,a
antedesˈiɾ,antedes,e,antediɡ,a
antedesˈiɾ,antedes,e,antediɡ,a
antedesˈiɾ,antedis,e,antediɡ,a
antedesˈiɾ,antedis,e,antediɡ,a
antedesˈiɾ,antedis,e,antediɡ,a
antedesˈiɾ,antedis,e,antediɡ,a
antedesˈiɾ,antedis,e,antediɡ,a
antedesˈiɾ,antedis,a,antediɡ,a
antedesˈiɾ,antedis,ejs,antediɡ,a
antedesˈiɾ,antedis,e,antediɡ,a
antedesˈiɾ,antedis,e,antediɡ,a
antedesˈiɾ,antedis,e,antediɡ,a
antedesˈiɾ,antedis,e,antediɡ,a
antedesˈiɾ,antedis,e,antediɡ,a
antedesˈiɾ,antedis,a,antediɡ,a
antedesˈiɾ,antedis,e,antediɡ,a
antedesˈiɾ,antedis,e,antediɡ,a
antedesˈiɾ,antedis,e,antediɡ,a
antedesˈiɾ,antedis,e,antediɡ,a
antedesˈiɾ,antedis,e,antediɡ,a
antedesˈiɾ,antedis,e,antediɡ,a
antedesˈiɾ,antedis,e,antediɡ,a
antedesˈiɾ,antedis,e,antediɡ,a
antedesˈiɾ,antedis,e,antediɡ,a
antedesˈiɾ,antedis,e,antediɡ,a
antedesˈiɾ,antedis,e,antediɡ,a
antedesˈiɾ,antedis,e,antediɡ,a
antedesˈiɾ,antediɡ,ejs,antediɡ,a
antedesˈiɾ,antediɡ,e,antediɡ,a
antedesˈiɾ,antediɡ,e,antediɡ,a
antedesˈiɾ,antediɡ,e,antediɡ,a
antedesˈiɾ,antediɡ,e,antediɡ,a
antedesˈiɾ,antediɡ,e,antediɡ,a
antedesˈiɾ,antediɡ,e,antediɡ,a
antedesˈiɾ,antediɡ,e,antediɡ,a
antedesˈiɾ,antediɡ,e,antediɡ,a
antedesˈiɾ,antediɡ,e,antediɡ,a
antedesˈiɾ,antediɡ,e,antediɡ,a
antedesˈiɾ,antediɡ,e,antediɡ,a
antedesˈiɾ,antediɡ,e,antediɡ,a
antedesˈiɾ,antediɡ,e,antediɡ,a
antedesˈiɾ,antediɡ,e,antediɡ,a
antedesˈiɾ,antedes,imos,antediɡ,a
antedesˈiɾ,antedis,e,antediɡ,a
antedesˈiɾ,antedis,e,antediɡ,a
antedesˈiɾ,antedis,a,antediɡ,a
antedesˈiɾ,antedis,e,antediɡ,a
antedesˈiɾ,antedis,e,antediɡ,a
antedesˈiɾ,antedis,e,antediɡ,a
antedesˈiɾ,antedis,e,antediɡ,a
antedesˈiɾ,antedis,e,antediɡ,a
antedesˈiɾ,antedis,e,antediɡ,a
antedesˈiɾ,antedis,e,antediɡ,a
antedesˈiɾ,antedis,e,antediɡ,a
antedesˈiɾ,antedis,a,antediɡ,a
antedesˈiɾ,antedes,e,antediɡ,a
antedesˈiɾ,antedes,e,antediɡ,a
antedesˈiɾ,antedis,e,antediɡ,a
antedesˈiɾ,antedis,e,antediɡ,a
antedesˈiɾ,antedis,e,antediɡ,a
antedesˈiɾ,antedis,e,antediɡ,a
antedesˈiɾ,antedis,e,antediɡ,a
antedesˈiɾ,antedis,a,antediɡ,a
antedesˈiɾ,antedis,e,antediɡ,a
antedesˈiɾ,antedis,ejs,antediɡ,a
antedesˈiɾ,antedis,e,antediɡ,a
antedesˈiɾ,antedis,e,antediɡ,a
antedesˈiɾ,antedis,e,antediɡ,a
antedesˈiɾ,antedis,e,antediɡ,a
antedesˈiɾ,antedis,a,antediɡ,a
antedesˈiɾ,antedis,e,antediɡ,a
antedesˈiɾ,antedis,e,antediɡ,a
antedesˈiɾ,antedis,e,antediɡ,a
antedesˈiɾ,antedis,e,antediɡ,a
antedesˈiɾ,antedis,e,antediɡ,a
antedesˈiɾ,antedis,e,antediɡ,a
antedesˈiɾ,antedis,e,antediɡ,a
antedesˈiɾ,antedis,e,antediɡ,a
antedesˈiɾ,antedis,e,antediɡ,a
antedesˈiɾ,antedis,e,antediɡ,a
antedesˈiɾ,antedis,e,antediɡ,a
antedesˈiɾ,antedis,e,antediɡ,a
antedesˈiɾ,antediɡ,ejs,antediɡ,a
antedesˈiɾ,antediɡ,e,antediɡ,a
antedesˈiɾ,antediɡ,e,antediɡ,a
antedesˈiɾ,antediɡ,e,antediɡ,a
antedesˈiɾ,antediɡ,e,antediɡ,a
antedesˈiɾ,antediɡ,e,antediɡ,a
antedesˈiɾ,antediɡ,e,antediɡ,a
antedesˈiɾ,antediɡ,e,antediɡ,a
antedesˈiɾ,antediɡ,e,antediɡ,a
antedesˈiɾ,antediɡ,e,antediɡ,a
antedesˈiɾ,antediɡ,e,antediɡ,a
antedesˈiɾ,antediɡ,e,antediɡ,a
antedesˈiɾ,antediɡ,e,antediɡ,a
antedesˈiɾ,antediɡ,e,antediɡ,a
antedesˈiɾ,antediɡ,e,antediɡ,a
antedesˈiɾ,antedes,imos,antediɡ,o
antedesˈiɾ,antedis,o,antediɡ,o
antedesˈiɾ,antedis,o,antediɡ,o
antedesˈiɾ,antedis,o,antediɡ,o
antedesˈiɾ,antedes,imos,antediɡ,o
antedesˈiɾ,antedis,o,antediɡ,o
antedesˈiɾ,antedis,o,antediɡ,o
antedesˈiɾ,antedis,o,antediɡ,o
antedesˈiɾ,antedis,o,antediɡ,o
antedesˈiɾ,antedis,o,antediɡ,o
antedesˈiɾ,antedis,o,antediɡ,o
antedesˈiɾ,antedis,o,antediɡ,o
antedesˈiɾ,antedis,o,antediɡ,o
antedesˈiɾ,antedes,o,antediɡ,o
antedesˈiɾ,antedes,o,antediɡ,o
antedesˈiɾ,antedis,o,antediɡ,o
antedesˈiɾ,antedis,o,antediɡ,o
antedesˈiɾ,antedis,o,antediɡ,o
antedesˈiɾ,antedis,o,antediɡ,o
antedesˈiɾ,antedis,o,antediɡ,o
antedesˈiɾ,antedis,o,antediɡ,o
antedesˈiɾ,antedis,o,antediɡ,o
antedesˈiɾ,antedis,o,antediɡ,o
antedesˈiɾ,antedis,o,antediɡ,o
antedesˈiɾ,antedis,o,antediɡ,o
antedesˈiɾ,antedis,o,antediɡ,o
antedesˈiɾ,antedis,o,antediɡ,o
antedesˈiɾ,antedis,o,antediɡ,o
antedesˈiɾ,antedis,o,antediɡ,o
antedesˈiɾ,antedis,o,antediɡ,o
antedesˈiɾ,antedis,o,antediɡ,o
antedesˈiɾ,antedis,o,antediɡ,o
antedesˈiɾ,antedis,o,antediɡ,o
antedesˈiɾ,antedis,o,antediɡ,o
antedesˈiɾ,antedis,o,antediɡ,o
antedesˈiɾ,antedis,o,antediɡ,o
antedesˈiɾ,antedis,o,antediɡ,o
antedesˈiɾ,antedis,o,antediɡ,o
antedesˈiɾ,antedis,o,antediɡ,o
antedesˈiɾ,antedis,o,antediɡ,o
antedesˈiɾ,antediɡ,emos,antediɡ,o
antedesˈiɾ,antediɡ,o,antediɡ,o
antedesˈiɾ,antediɡ,o,antediɡ,o
antedesˈiɾ,antediɡ,o,antediɡ,o
antedesˈiɾ,antediɡ,o,antediɡ,o
antedesˈiɾ,antediɡ,o,antediɡ,o
antedesˈiɾ,antediɡ,o,antediɡ,o
antedesˈiɾ,antediɡ,o,antediɡ,o
antedesˈiɾ,antediɡ,o,antediɡ,o
antedesˈiɾ,antediɡ,o,antediɡ,o
antedesˈiɾ,antediɡ,o,antediɡ,o
antedesˈiɾ,antediɡ,o,antediɡ,o
antedesˈiɾ,antediɡ,o,antediɡ,o
antedesˈiɾ,antediɡ,o,antediɡ,o
antedesˈiɾ,antediɡ,o,antediɡ,o
maldesˈiɾ,maldes,imos,maldes,imos
maldesˈiɾ,maldes,imos,maldes,imos
maldesˈiɾ,maldes,imos,maldes,imos
maldesˈiɾ,maldes,imos,maldes,imos
maldesˈiɾ,maldes,imos,maldes,imos
maldesˈiɾ,maldes,imos,maldes,imos
maldesˈiɾ,maldes,imos,maldes,imos
maldesˈiɾ,maldes,imos,maldes,imos
maldesˈiɾ,maldes,imos,maldes,imos
maldesˈiɾ,maldes,imos,maldes,imos
maldesˈiɾ,maldis,amos,maldes,imos
maldesˈiɾ,maldis,amos,maldes,imos
maldesˈiɾ,maldisj,amos,maldes,imos
maldesˈiɾ,maldis,amos,maldes,imos
maldesˈiɾ,maldis,amos,maldes,imos
maldesˈiɾ,maldis,amos,maldes,imos
maldesˈiɾ,maldis,amos,maldes,imos
maldesˈiɾ,mald,is,maldes,imos
maldesˈiɾ,maldis,amos,maldes,imos
maldesˈiɾ,maldis,amos,maldes,imos
maldesˈiɾ,maldisj,amos,maldes,imos
maldesˈiɾ,maldis,amos,maldes,imos
maldesˈiɾ,maldis,amos,maldes,imos
maldesˈiɾ,maldis,amos,maldes,imos
maldesˈiɾ,maldis,amos,maldes,imos
maldesˈiɾ,mald,is,maldes,imos
maldesˈiɾ,maldis,amos,maldes,imos
maldesˈiɾ,maldis,amos,maldes,imos
maldesˈiɾ,maldis,amos,maldes,imos
maldesˈiɾ,mald,is,maldes,imos
maldesˈiɾ,maldis,amos,maldes,imos
maldesˈiɾ,maldis,amos,maldes,imos
maldesˈiɾ,maldis,amos,maldes,imos
maldesˈiɾ,maldis,amos,maldes,imos
maldesˈiɾ,maldiɡ,amos,maldes,imos
maldesˈiɾ,maldiɡ,amos,maldes,imos
maldesˈiɾ,maldiɡ,amos,maldes,imos
maldesˈiɾ,maldiɡ,amos,maldes,imos
maldesˈiɾ,maldiɡ,amos,maldes,imos
maldesˈiɾ,maldiɡ,amos,maldes,imos
maldesˈiɾ,maldiɡ,amos,maldes,imos
maldesˈiɾ,maldiɡ,amos,maldes,imos
maldesˈiɾ,maldiɡ,amos,maldes,imos
maldesˈiɾ,maldiɡ,amos,maldes,imos
maldesˈiɾ,maldiɡ,amos,maldes,imos
maldesˈiɾ,maldiɡ,amos,maldes,imos
maldesˈiɾ,maldiɡ,amos,maldes,imos
maldesˈiɾ,maldiɡ,amos,maldes,imos
maldesˈiɾ,maldiɡ,amos,maldes,imos
maldesˈiɾ,maldiɡ,amos,maldes,imos
maldesˈiɾ,maldiɡ,amos,maldes,imos
maldesˈiɾ,maldiɡ,amos,maldes,imos
maldesˈiɾ,maldiɡ,amos,maldes,imos
maldesˈiɾ,maldiɡ,amos,maldes,imos
maldesˈiɾ,maldiɡ,amos,maldes,imos
maldesˈiɾ,maldes,imos,maldes,is
maldesˈiɾ,maldes,imos,maldes,is
maldesˈiɾ,maldes,imos,maldes,is
maldesˈiɾ,maldes,imos,maldes,is
maldesˈiɾ,maldes,imos,maldes,is
maldesˈiɾ,maldes,imos,maldes,is
maldesˈiɾ,maldes,imos,maldes,is
maldesˈiɾ,maldes,imos,maldes,is
maldesˈiɾ,maldes,is,maldes,is
maldesˈiɾ,,,maldes,is
maldesˈiɾ,maldis,ajs,maldes,is
maldesˈiɾ,maldis,ajs,maldes,is
maldesˈiɾ,maldisj,ajs,maldes,is
maldesˈiɾ,maldis,ajs,maldes,is
maldesˈiɾ,maldis,ajs,maldes,is
maldesˈiɾ,maldis,ajs,maldes,is
maldesˈiɾ,maldis,ajs,maldes,is
maldesˈiɾ,maldis,ajs,maldes,is
maldesˈiɾ,maldis,ajs,maldes,is
maldesˈiɾ,maldis,ajs,maldes,is
maldesˈiɾ,maldisj,ajs,maldes,is
maldesˈiɾ,maldis,ajs,maldes,is
maldesˈiɾ,maldis,ajs,maldes,is
maldesˈiɾ,maldis,ajs,maldes,is
maldesˈiɾ,maldis,ajs,maldes,is
maldesˈiɾ,maldis,ajs,maldes,is
maldesˈiɾ,maldis,ajs,maldes,is
maldesˈiɾ,maldisj,ajs,maldes,is
maldesˈiɾ,maldis,ajs,maldes,is
maldesˈiɾ,maldis,ajs,maldes,is
maldesˈiɾ,maldis,ajs,maldes,is
maldesˈiɾ,mald,is,maldes,is
maldesˈiɾ,maldis,ajs,maldes,is
maldesˈiɾ,maldis,ajs,maldes,is
maldesˈiɾ,maldiɡ,ajs,maldes,is
maldesˈiɾ,maldiɡ,ajs,maldes,is
maldesˈiɾ,maldiɡ,ajs,maldes,is
maldesˈiɾ,maldiɡ,ajs,maldes,is
maldesˈiɾ,maldiɡ,ajs,maldes,is
maldesˈiɾ,maldiɡ,ajs,maldes,is
maldesˈiɾ,maldiɡ,ajs,maldes,is
maldesˈiɾ,maldiɡ,ajs,maldes,is
maldesˈiɾ,maldiɡ,ajs,maldes,is
maldesˈiɾ,maldiɡ,ajs,maldes,is
maldesˈiɾ,maldiɡ,ajs,maldes,is
maldesˈiɾ,maldiɡ,ajs,maldes,is
maldesˈiɾ,maldiɡ,ajs,maldes,is
maldesˈiɾ,maldiɡ,ajs,maldes,is
maldesˈiɾ,maldiɡ,ajs,maldes,is
maldesˈiɾ,maldiɡ,ajs,maldes,is
maldesˈiɾ,maldiɡ,ajs,maldes,is
maldesˈiɾ,maldiɡ,ajs,maldes,is
maldesˈiɾ,maldiɡ,ajs,maldes,is
maldesˈiɾ,maldiɡ,ajs,maldes,is
maldesˈiɾ,maldiɡ,ajs,maldes,is
maldesˈiɾ,maldesim,an,maldis,en
maldesˈiɾ,maldesim,an,maldis,en
maldesˈiɾ,maldis,an,maldis,en
maldesˈiɾ,maldesj,an,maldis,en
maldesˈiɾ,maldesim,an,maldis,en
maldesˈiɾ,maldis,en,maldis,en
maldesˈiɾ,maldis,en,maldis,en
maldesˈiɾ,maldis,en,maldis,en
maldesˈiɾ,maldis,en,maldis,en
maldesˈiɾ,maldis,an,maldis,en
maldesˈiɾ,maldis,an,maldis,en
maldesˈiɾ,maldis,an,maldis,en
maldesˈiɾ,maldesj,an,maldis,en
maldesˈiɾ,maldes,an,maldis,en
maldesˈiɾ,maldis,en,maldis,en
maldesˈiɾ,maldis,en,maldis,en
maldesˈiɾ,maldis,an,maldis,en
maldesˈiɾ,maldis,an,maldis,en
maldesˈiɾ,maldis,an,maldis,en
maldesˈiɾ,maldis,an,maldis,en
maldesˈiɾ,maldisj,an,maldis,en
maldesˈiɾ,maldis,an,maldis,en
maldesˈiɾ,maldis,en,maldis,en
maldesˈiɾ,maldis,an,maldis,en
maldesˈiɾ,maldis,an,maldis,en
maldesˈiɾ,maldis,an,maldis,en
maldesˈiɾ,maldis,an,maldis,en
maldesˈiɾ,maldis,an,maldis,en
maldesˈiɾ,maldis,an,maldis,en
maldesˈiɾ,maldis,en,maldis,en
maldesˈiɾ,maldis,an,maldis,en
maldesˈiɾ,maldis,an,maldis,en
maldesˈiɾ,maldis,an,maldis,en
maldesˈiɾ,maldis,an,maldis,en
maldesˈiɾ,maldiɡ,an,maldis,en
maldesˈiɾ,maldiɡ,an,maldis,en
maldesˈiɾ,maldiɡ,an,maldis,en
maldesˈiɾ,maldiɡ,an,maldis,en
maldesˈiɾ,maldiɡ,an,maldis,en
maldesˈiɾ,maldiɡ,an,maldis,en
maldesˈiɾ,maldiɡ,an,maldis,en
maldesˈiɾ,maldiɡ,an,maldis,en
maldesˈiɾ,maldiɡ,an,maldis,en
maldesˈiɾ,maldiɡ,an,maldis,en
maldesˈiɾ,maldiɡ,an,maldis,en
maldesˈiɾ,maldiɡ,an,maldis,en
maldesˈiɾ,maldiɡ,an,maldis,en
maldesˈiɾ,maldiɡ,an,maldis,en
maldesˈiɾ,maldiɡ,an,maldis,en
maldesˈiɾ,maldiɡ,an,maldis,en
maldesˈiɾ,maldiɡ,an,maldis,en
maldesˈiɾ,maldiɡ,an,maldis,en
maldesˈiɾ,maldiɡ,an,maldis,en
maldesˈiɾ,maldiɡ,an,maldis,en
maldesˈiɾ,maldiɡ,an,maldis,en
maldesˈiɾ,maldes,is,maldis,es
maldesˈiɾ,maldesim,as,maldis,es
maldesˈiɾ,maldis,as,maldis,es
maldesˈiɾ,maldesj,as,maldis,es
maldesˈiɾ,maldesim,as,maldis,es
maldesˈiɾ,maldis,es,maldis,es
maldesˈiɾ,maldis,es,maldis,es
maldesˈiɾ,maldis,es,maldis,es
maldesˈiɾ,maldis,es,maldis,es
maldesˈiɾ,maldis,as,maldis,es
maldesˈiɾ,maldis,as,maldis,es
maldesˈiɾ,maldis,as,maldis,es
maldesˈiɾ,maldis,es,maldis,es
maldesˈiɾ,mald,es,maldis,es
maldesˈiɾ,maldis,es,maldis,es
maldesˈiɾ,maldis,es,maldis,es
maldesˈiɾ,maldis,es,maldis,es
maldesˈiɾ,maldis,es,maldis,es
maldesˈiɾ,maldis,as,maldis,es
maldesˈiɾ,maldis,as,maldis,es
maldesˈiɾ,maldisj,as,maldis,es
maldesˈiɾ,maldis,emos,maldis,es
maldesˈiɾ,maldis,es,maldis,es
maldesˈiɾ,maldis,es,maldis,es
maldesˈiɾ,maldis,es,maldis,es
maldesˈiɾ,maldis,es,maldis,es
maldesˈiɾ,maldis,as,maldis,es
maldesˈiɾ,maldis,es,maldis,es
maldesˈiɾ,maldis,emos,maldis,es
maldesˈiɾ,maldis,as,maldis,es
maldesˈiɾ,maldis,es,maldis,es
maldesˈiɾ,maldis,es,maldis,es
maldesˈiɾ,maldis,es,maldis,es
maldesˈiɾ,maldis,as,maldis,es
maldesˈiɾ,maldiɡ,emos,maldis,es
maldesˈiɾ,maldiɡ,as,maldis,es
maldesˈiɾ,maldiɡ,as,maldis,es
maldesˈiɾ,maldiɡ,as,maldis,es
maldesˈiɾ,maldiɡ,as,maldis,es
maldesˈiɾ,maldiɡ,as,maldis,es
maldesˈiɾ,maldiɡ,as,maldis,es
maldesˈiɾ,maldiɡ,as,maldis,es
maldesˈiɾ,maldiɡ,as,maldis,es
maldesˈiɾ,maldiɡ,as,maldis,es
maldesˈiɾ,maldiɡ,as,maldis,es
maldesˈiɾ,maldiɡ,as,maldis,es
maldesˈiɾ,maldiɡ,as,maldis,es
maldesˈiɾ,maldiɡ,as,maldis,es
maldesˈiɾ,maldiɡ,as,maldis,es
maldesˈiɾ,maldiɡ,as,maldis,es
maldesˈiɾ,maldiɡ,as,maldis,es
maldesˈiɾ,maldiɡ,as,maldis,es
maldesˈiɾ,maldiɡ,as,maldis,es
maldesˈiɾ,maldiɡ,as,maldis,es
maldesˈiɾ,maldiɡ,as,maldis,es
maldesˈiɾ,maldesim,a,maldis,e
maldesˈiɾ,maldis,a,maldis,e
maldesˈiɾ,maldes,a,maldis,e
maldesˈiɾ,maldesj,a,maldis,e
maldesˈiɾ,maldes,e,maldis,e
maldesˈiɾ,maldis,e,maldis,e
maldesˈiɾ,maldis,e,maldis,e
maldesˈiɾ,maldis,e,maldis,e
maldesˈiɾ,maldis,e,maldis,e
maldesˈiɾ,maldis,a,maldis,e
maldesˈiɾ,maldis,a,maldis,e
maldesˈiɾ,maldis,a,maldis,e
maldesˈiɾ,maldesj,a,maldis,e
maldesˈiɾ,maldes,a,maldis,e
maldesˈiɾ,maldis,e,maldis,e
maldesˈiɾ,maldis,e,maldis,e
maldesˈiɾ,maldis,e,maldis,e
maldesˈiɾ,maldis,e,maldis,e
maldesˈiɾ,maldis,a,maldis,e
maldesˈiɾ,maldis,a,maldis,e
maldesˈiɾ,maldisj,a,maldis,e
maldesˈiɾ,maldis,a,maldis,e
maldesˈiɾ,maldis,e,maldis,e
maldesˈiɾ,maldis,e,maldis,e
maldesˈiɾ,maldis,e,maldis,e
maldesˈiɾ,maldis,e,maldis,e
maldesˈiɾ,maldis,a,maldis,e
maldesˈiɾ,maldis,e,maldis,e
maldesˈiɾ,maldis,a,maldis,e
maldesˈiɾ,maldis,e,maldis,e
maldesˈiɾ,maldis,a,maldis,e
maldesˈiɾ,maldis,e,maldis,e
maldesˈiɾ,maldis,e,maldis,e
maldesˈiɾ,maldis,a,maldis,e
maldesˈiɾ,maldiɡ,a,maldis,e
maldesˈiɾ,maldiɡ,a,maldis,e
maldesˈiɾ,maldiɡ,a,maldis,e
maldesˈiɾ,maldiɡ,a,maldis,e
maldesˈiɾ,maldiɡ,a,maldis,e
maldesˈiɾ,maldiɡ,a,maldis,e
maldesˈiɾ,maldiɡ,a,maldis,e
maldesˈiɾ,maldiɡ,a,maldis,e
maldesˈiɾ,maldiɡ,a,maldis,e
maldesˈiɾ,maldiɡ,a,maldis,e
maldesˈiɾ,maldiɡ,a,maldis,e
maldesˈiɾ,maldiɡ,a,maldis,e
maldesˈiɾ,maldiɡ,a,maldis,e
maldesˈiɾ,maldiɡ,a,maldis,e
maldesˈiɾ,maldiɡ,a,maldis,e
maldesˈiɾ,maldiɡ,a,maldis,e
maldesˈiɾ,maldiɡ,a,maldis,e
maldesˈiɾ,maldiɡ,a,maldis,e
maldesˈiɾ,maldiɡ,a,maldis,e
maldesˈiɾ,maldiɡ,a,maldis,e
maldesˈiɾ,maldiɡ,a,maldis,e
maldesˈiɾ,,,maldiɡ,ajs
maldesˈiɾ,maldes,imos,maldiɡ,ajs
maldesˈiɾ,maldes,imos,maldiɡ,ajs
maldesˈiɾ,maldes,imos,maldiɡ,ajs
maldesˈiɾ,maldes,imos,maldiɡ,ajs
maldesˈiɾ,maldes,imos,maldiɡ,ajs
maldesˈiɾ,maldes,imos,maldiɡ,ajs
maldesˈiɾ,maldes,ejs,maldiɡ,ajs
maldesˈiɾ,maldes,ejs,maldiɡ,ajs
maldesˈiɾ,,,maldiɡ,ajs
maldesˈiɾ,maldes,is,maldiɡ,ajs
maldesˈiɾ,maldes,is,maldiɡ,ajs
maldesˈiɾ,maldes,is,maldiɡ,ajs
maldesˈiɾ,maldes,ejs,maldiɡ,ajs
maldesˈiɾ,maldes,is,maldiɡ,ajs
maldesˈiɾ,maldes,ejs,maldiɡ,ajs
maldesˈiɾ,maldes,ejs,maldiɡ,ajs
maldesˈiɾ,maldes,ejs,maldiɡ,ajs
maldesˈiɾ,maldes,ejs,maldiɡ,ajs
maldesˈiɾ,maldis,ejs,maldiɡ,ajs
maldesˈiɾ,maldis,ejs,maldiɡ,ajs
maldesˈiɾ,maldis,ejs,maldiɡ,ajs
maldesˈiɾ,maldis,ejs,maldiɡ,ajs
maldesˈiɾ,maldis,ejs,maldiɡ,ajs
maldesˈiɾ,maldis,ejs,maldiɡ,ajs
maldesˈiɾ,maldis,ejs,maldiɡ,ajs
maldesˈiɾ,maldis,ejs,maldiɡ,ajs
maldesˈiɾ,maldis,ejs,maldiɡ,ajs
maldesˈiɾ,maldis,ejs,maldiɡ,ajs
maldesˈiɾ,maldis,ejs,maldiɡ,ajs
maldesˈiɾ,maldis,ejs,maldiɡ,ajs
maldesˈiɾ,maldis,ejs,maldiɡ,ajs
maldesˈiɾ,maldis,ejs,maldiɡ,ajs
maldesˈiɾ,maldis,ejs,maldiɡ,ajs
maldesˈiɾ,maldis,ejs,maldiɡ,ajs
maldesˈiɾ,maldis,ejs,maldiɡ,ajs
maldesˈiɾ,maldis,ejs,maldiɡ,ajs
maldesˈiɾ,maldis,ejs,maldiɡ,ajs
maldesˈiɾ,maldis,ejs,maldiɡ,ajs
maldesˈiɾ,maldis,ejs,maldiɡ,ajs
maldesˈiɾ,maldiɡ,ejs,maldiɡ,ajs
maldesˈiɾ,maldiɡ,ejs,maldiɡ,ajs
maldesˈiɾ,maldiɡ,ejs,maldiɡ,ajs
maldesˈiɾ,maldiɡ,ejs,maldiɡ,ajs
maldesˈiɾ,maldiɡ,ejs,maldiɡ,ajs
maldesˈiɾ,maldiɡ,ejs,maldiɡ,ajs
maldesˈiɾ,maldiɡ,ejs,maldiɡ,ajs
maldesˈiɾ,maldiɡ,ejs,maldiɡ,ajs
maldesˈiɾ,maldiɡ,ejs,maldiɡ,ajs
maldesˈiɾ,maldiɡ,ejs,maldiɡ,ajs
maldesˈiɾ,maldiɡ,ejs,maldiɡ,ajs
maldesˈiɾ,maldiɡ,ejs,maldiɡ,ajs
maldesˈiɾ,maldiɡ,ejs,maldiɡ,ajs
maldesˈiɾ,maldiɡ,ejs,maldiɡ,ajs
maldesˈiɾ,maldiɡ,ejs,maldiɡ,ajs
maldesˈiɾ,maldes,imos,maldiɡ,amos
maldesˈiɾ,maldes,imos,maldiɡ,amos
maldesˈiɾ,maldes,imos,maldiɡ,amos
maldesˈiɾ,maldes,imos,maldiɡ,amos
maldesˈiɾ,maldesj,emos,maldiɡ,amos
maldesˈiɾ,maldes,imos,maldiɡ,amos
maldesˈiɾ,maldes,emos,maldiɡ,amos
maldesˈiɾ,maldes,emos,maldiɡ,amos
maldesˈiɾ,maldes,emos,maldiɡ,amos
maldesˈiɾ,maldes,emos,maldiɡ,amos
maldesˈiɾ,maldes,imos,maldiɡ,amos
maldesˈiɾ,maldes,emos,maldiɡ,amos
maldesˈiɾ,maldes,emos,maldiɡ,amos
maldesˈiɾ,maldesj,emos,maldiɡ,amos
maldesˈiɾ,maldes,emos,maldiɡ,amos
maldesˈiɾ,maldes,emos,maldiɡ,amos
maldesˈiɾ,maldes,emos,maldiɡ,amos
maldesˈiɾ,maldes,emos,maldiɡ,amos
maldesˈiɾ,maldes,emos,maldiɡ,amos
maldesˈiɾ,maldis,emos,maldiɡ,amos
maldesˈiɾ,maldis,emos,maldiɡ,amos
maldesˈiɾ,maldisj,emos,maldiɡ,amos
maldesˈiɾ,maldis,emos,maldiɡ,amos
maldesˈiɾ,maldis,emos,maldiɡ,amos
maldesˈiɾ,maldis,emos,maldiɡ,amos
maldesˈiɾ,maldis,emos,maldiɡ,amos
maldesˈiɾ,maldis,emos,maldiɡ,amos
maldesˈiɾ,maldis,emos,maldiɡ,amos
maldesˈiɾ,maldisj,emos,maldiɡ,amos
maldesˈiɾ,maldis,emos,maldiɡ,amos
maldesˈiɾ,maldis,emos,maldiɡ,amos
maldesˈiɾ,maldis,emos,maldiɡ,amos
maldesˈiɾ,maldis,emos,maldiɡ,amos
maldesˈiɾ,maldis,emos,maldiɡ,amos
maldesˈiɾ,maldisj,emos,maldiɡ,amos
maldesˈiɾ,maldis,emos,maldiɡ,amos
maldesˈiɾ,maldis,emos,maldiɡ,amos
maldesˈiɾ,maldis,emos,maldiɡ,amos
maldesˈiɾ,maldis,emos,maldiɡ,amos
maldesˈiɾ,maldis,es,maldiɡ,amos
maldesˈiɾ,maldiɡ,emos,maldiɡ,amos
maldesˈiɾ,maldiɡ,emos,maldiɡ,amos
maldesˈiɾ,maldiɡ,es,maldiɡ,amos
maldesˈiɾ,maldiɡ,es,maldiɡ,amos
maldesˈiɾ,,,maldiɡ,amos
maldesˈiɾ,maldiɡ,emos,maldiɡ,amos
maldesˈiɾ,maldiɡ,o,maldiɡ,amos
maldesˈiɾ,,,maldiɡ,amos
maldesˈiɾ,,,maldiɡ,amos
maldesˈiɾ,,,maldiɡ,amos
maldesˈiɾ,,,maldiɡ,amos
maldesˈiɾ,,,maldiɡ,amos
maldesˈiɾ,,,maldiɡ,amos
maldesˈiɾ,,,maldiɡ,amos
maldesˈiɾ,,,maldiɡ,amos
maldesˈiɾ,maldesim,en,maldiɡ,an
maldesˈiɾ,maldis,en,maldiɡ,an
maldesˈiɾ,maldis,en,maldiɡ,an
maldesˈiɾ,maldis,en,maldiɡ,an
maldesˈiɾ,maldesj,en,maldiɡ,an
maldesˈiɾ,maldesim,en,maldiɡ,an
maldesˈiɾ,maldis,en,maldiɡ,an
maldesˈiɾ,maldis,en,maldiɡ,an
maldesˈiɾ,maldis,en,maldiɡ,an
maldesˈiɾ,maldis,en,maldiɡ,an
maldesˈiɾ,maldis,en,maldiɡ,an
maldesˈiɾ,maldis,en,maldiɡ,an
maldesˈiɾ,maldis,en,maldiɡ,an
maldesˈiɾ,maldis,en,maldiɡ,an
maldesˈiɾ,maldes,en,maldiɡ,an
maldesˈiɾ,maldis,en,maldiɡ,an
maldesˈiɾ,maldis,en,maldiɡ,an
maldesˈiɾ,maldis,en,maldiɡ,an
maldesˈiɾ,maldis,en,maldiɡ,an
maldesˈiɾ,maldis,en,maldiɡ,an
maldesˈiɾ,maldis,an,maldiɡ,an
maldesˈiɾ,maldisj,en,maldiɡ,an
maldesˈiɾ,maldis,en,maldiɡ,an
maldesˈiɾ,maldis,en,maldiɡ,an
maldesˈiɾ,maldis,en,maldiɡ,an
maldesˈiɾ,maldis,en,maldiɡ,an
maldesˈiɾ,maldis,en,maldiɡ,an
maldesˈiɾ,maldis,en,maldiɡ,an
maldesˈiɾ,maldis,en,maldiɡ,an
maldesˈiɾ,maldis,en,maldiɡ,an
maldesˈiɾ,maldis,en,maldiɡ,an
maldesˈiɾ,maldis,en,maldiɡ,an
maldesˈiɾ,maldis,en,maldiɡ,an
maldesˈiɾ,maldis,en,maldiɡ,an
maldesˈiɾ,maldis,en,maldiɡ,an
maldesˈiɾ,maldis,en,maldiɡ,an
maldesˈiɾ,maldis,en,maldiɡ,an
maldesˈiɾ,maldis,en,maldiɡ,an
maldesˈiɾ,maldis,en,maldiɡ,an
maldesˈiɾ,maldis,en,maldiɡ,an
maldesˈiɾ,maldiɡ,en,maldiɡ,an
maldesˈiɾ,maldiɡ,en,maldiɡ,an
maldesˈiɾ,maldiɡ,en,maldiɡ,an
maldesˈiɾ,maldiɡ,en,maldiɡ,an
maldesˈiɾ,maldiɡ,en,maldiɡ,an
maldesˈiɾ,maldiɡ,en,maldiɡ,an
maldesˈiɾ,maldiɡ,en,maldiɡ,an
maldesˈiɾ,maldiɡ,en,maldiɡ,an
maldesˈiɾ,maldiɡ,en,maldiɡ,an
maldesˈiɾ,maldiɡ,en,maldiɡ,an
maldesˈiɾ,maldiɡ,en,maldiɡ,an
maldesˈiɾ,maldiɡ,en,maldiɡ,an
maldesˈiɾ,maldiɡ,en,maldiɡ,an
maldesˈiɾ,maldiɡ,en,maldiɡ,an
maldesˈiɾ,maldiɡ,en,maldiɡ,an
maldesˈiɾ,maldes,is,maldiɡ,as
maldesˈiɾ,maldis,es,maldiɡ,as
maldesˈiɾ,maldesim,as,maldiɡ,as
maldesˈiɾ,maldis,a,maldiɡ,as
maldesˈiɾ,maldisj,es,maldiɡ,as
maldesˈiɾ,maldesim,es,maldiɡ,as
maldesˈiɾ,maldis,es,maldiɡ,as
maldesˈiɾ,maldis,es,maldiɡ,as
maldesˈiɾ,maldis,es,maldiɡ,as
maldesˈiɾ,maldis,es,maldiɡ,as
maldesˈiɾ,maldis,es,maldiɡ,as
maldesˈiɾ,maldis,as,maldiɡ,as
maldesˈiɾ,maldis,a,maldiɡ,as
maldesˈiɾ,,,maldiɡ,as
maldesˈiɾ,maldis,es,maldiɡ,as
maldesˈiɾ,maldis,es,maldiɡ,as
maldesˈiɾ,maldis,es,maldiɡ,as
maldesˈiɾ,maldis,es,maldiɡ,as
maldesˈiɾ,maldis,es,maldiɡ,as
maldesˈiɾ,maldis,as,maldiɡ,as
maldesˈiɾ,maldis,a,maldiɡ,as
maldesˈiɾ,maldisj,ejs,maldiɡ,as
maldesˈiɾ,maldis,emos,maldiɡ,as
maldesˈiɾ,maldis,es,maldiɡ,as
maldesˈiɾ,maldis,es,maldiɡ,as
maldesˈiɾ,maldis,es,maldiɡ,as
maldesˈiɾ,maldis,es,maldiɡ,as
maldesˈiɾ,maldis,a,maldiɡ,as
maldesˈiɾ,maldis,es,maldiɡ,as
maldesˈiɾ,maldis,es,maldiɡ,as
maldesˈiɾ,maldis,es,maldiɡ,as
maldesˈiɾ,maldis,es,maldiɡ,as
maldesˈiɾ,maldis,es,maldiɡ,as
maldesˈiɾ,maldis,es,maldiɡ,as
maldesˈiɾ,maldis,es,maldiɡ,as
maldesˈiɾ,maldis,es,maldiɡ,as
maldesˈiɾ,maldis,es,maldiɡ,as
maldesˈiɾ,maldis,es,maldiɡ,as
maldesˈiɾ,maldis,es,maldiɡ,as
maldesˈiɾ,maldis,es,maldiɡ,as
maldesˈiɾ,maldiɡ,es,maldiɡ,as
maldesˈiɾ,maldiɡ,es,maldiɡ,as
maldesˈiɾ,maldiɡ,es,maldiɡ,as
maldesˈiɾ,maldiɡ,es,maldiɡ,as
maldesˈiɾ,maldiɡ,es,maldiɡ,as
maldesˈiɾ,maldiɡ,es,maldiɡ,as
maldesˈiɾ,maldiɡ,es,maldiɡ,as
maldesˈiɾ,maldiɡ,es,maldiɡ,as
maldesˈiɾ,maldiɡ,es,maldiɡ,as
maldesˈiɾ,maldiɡ,es,maldiɡ,as
maldesˈiɾ,maldiɡ,es,maldiɡ,as
maldesˈiɾ,maldiɡ,es,maldiɡ,as
maldesˈiɾ,maldiɡ,es,maldiɡ,as
maldesˈiɾ,maldiɡ,es,maldiɡ,as
maldesˈiɾ,maldiɡ,es,maldiɡ,as
maldesˈiɾ,maldes,imos,maldiɡ,a
maldesˈiɾ,maldis,e,maldiɡ,a
maldesˈiɾ,maldis,e,maldiɡ,a
maldesˈiɾ,maldis,a,maldiɡ,a
maldesˈiɾ,maldesj,e,maldiɡ,a
maldesˈiɾ,maldesim,e,maldiɡ,a
maldesˈiɾ,maldis,e,maldiɡ,a
maldesˈiɾ,maldis,e,maldiɡ,a
maldesˈiɾ,maldis,e,maldiɡ,a
maldesˈiɾ,maldis,e,maldiɡ,a
maldesˈiɾ,maldis,e,maldiɡ,a
maldesˈiɾ,maldis,e,maldiɡ,a
maldesˈiɾ,maldis,a,maldiɡ,a
maldesˈiɾ,maldesj,e,maldiɡ,a
maldesˈiɾ,maldes,e,maldiɡ,a
maldesˈiɾ,maldis,e,maldiɡ,a
maldesˈiɾ,maldis,e,maldiɡ,a
maldesˈiɾ,maldis,e,maldiɡ,a
maldesˈiɾ,maldis,e,maldiɡ,a
maldesˈiɾ,maldis,e,maldiɡ,a
maldesˈiɾ,maldis,a,maldiɡ,a
maldesˈiɾ,maldisj,e,maldiɡ,a
maldesˈiɾ,maldis,e,maldiɡ,a
maldesˈiɾ,maldis,e,maldiɡ,a
maldesˈiɾ,maldis,e,maldiɡ,a
maldesˈiɾ,maldis,e,maldiɡ,a
maldesˈiɾ,maldis,e,maldiɡ,a
maldesˈiɾ,maldis,a,maldiɡ,a
maldesˈiɾ,maldisj,e,maldiɡ,a
maldesˈiɾ,maldis,e,maldiɡ,a
maldesˈiɾ,maldis,e,maldiɡ,a
maldesˈiɾ,maldis,e,maldiɡ,a
maldesˈiɾ,maldis,e,maldiɡ,a
maldesˈiɾ,maldis,e,maldiɡ,a
maldesˈiɾ,maldisj,e,maldiɡ,a
maldesˈiɾ,maldis,e,maldiɡ,a
maldesˈiɾ,maldis,e,maldiɡ,a
maldesˈiɾ,maldis,e,maldiɡ,a
maldesˈiɾ,maldis,e,maldiɡ,a
maldesˈiɾ,maldis,e,maldiɡ,a
maldesˈiɾ,maldiɡ,e,maldiɡ,a
maldesˈiɾ,maldiɡ,e,maldiɡ,a
maldesˈiɾ,maldiɡ,e,maldiɡ,a
maldesˈiɾ,maldiɡ,e,maldiɡ,a
maldesˈiɾ,maldiɡ,e,maldiɡ,a
maldesˈiɾ,maldiɡ,e,maldiɡ,a
maldesˈiɾ,maldiɡ,e,maldiɡ,a
maldesˈiɾ,maldiɡ,e,maldiɡ,a
maldesˈiɾ,maldiɡ,e,maldiɡ,a
maldesˈiɾ,maldiɡ,e,maldiɡ,a
maldesˈiɾ,maldiɡ,e,maldiɡ,a
maldesˈiɾ,maldiɡ,e,maldiɡ,a
maldesˈiɾ,maldiɡ,e,maldiɡ,a
maldesˈiɾ,maldiɡ,e,maldiɡ,a
maldesˈiɾ,maldiɡ,e,maldiɡ,a
maldesˈiɾ,maldes,imos,maldiɡ,a
maldesˈiɾ,maldesim,e,maldiɡ,a
maldesˈiɾ,maldis,e,maldiɡ,a
maldesˈiɾ,maldesim,a,maldiɡ,a
maldesˈiɾ,maldesj,e,maldiɡ,a
maldesˈiɾ,maldesim,e,maldiɡ,a
maldesˈiɾ,maldis,e,maldiɡ,a
maldesˈiɾ,maldis,e,maldiɡ,a
maldesˈiɾ,maldis,e,maldiɡ,a
maldesˈiɾ,maldis,e,maldiɡ,a
maldesˈiɾ,maldis,e,maldiɡ,a
maldesˈiɾ,maldis,e,maldiɡ,a
maldesˈiɾ,maldis,a,maldiɡ,a
maldesˈiɾ,maldesj,e,maldiɡ,a
maldesˈiɾ,maldes,e,maldiɡ,a
maldesˈiɾ,maldis,e,maldiɡ,a
maldesˈiɾ,maldis,e,maldiɡ,a
maldesˈiɾ,maldis,e,maldiɡ,a
maldesˈiɾ,maldis,e,maldiɡ,a
maldesˈiɾ,maldis,e,maldiɡ,a
maldesˈiɾ,maldis,a,maldiɡ,a
maldesˈiɾ,maldisj,e,maldiɡ,a
maldesˈiɾ,maldis,e,maldiɡ,a
maldesˈiɾ,maldis,e,maldiɡ,a
maldesˈiɾ,maldis,e,maldiɡ,a
maldesˈiɾ,maldis,e,maldiɡ,a
maldesˈiɾ,maldis,e,maldiɡ,a
maldesˈiɾ,maldis,a,maldiɡ,a
maldesˈiɾ,maldisj,e,maldiɡ,a
maldesˈiɾ,maldis,e,maldiɡ,a
maldesˈiɾ,maldis,e,maldiɡ,a
maldesˈiɾ,maldis,e,maldiɡ,a
maldesˈiɾ,maldis,e,maldiɡ,a
maldesˈiɾ,maldis,e,maldiɡ,a
maldesˈiɾ,maldis,e,maldiɡ,a
maldesˈiɾ,maldis,e,maldiɡ,a
maldesˈiɾ,maldis,e,maldiɡ,a
maldesˈiɾ,maldis,e,maldiɡ,a
maldesˈiɾ,maldis,e,maldiɡ,a
maldesˈiɾ,maldis,e,maldiɡ,a
maldesˈiɾ,maldiɡ,e,maldiɡ,a
maldesˈiɾ,maldiɡ,e,maldiɡ,a
maldesˈiɾ,maldiɡ,e,maldiɡ,a
maldesˈiɾ,maldiɡ,e,maldiɡ,a
maldesˈiɾ,maldiɡ,e,maldiɡ,a
maldesˈiɾ,maldiɡ,e,maldiɡ,a
maldesˈiɾ,maldiɡ,e,maldiɡ,a
maldesˈiɾ,maldiɡ,e,maldiɡ,a
maldesˈiɾ,maldiɡ,e,maldiɡ,a
maldesˈiɾ,maldiɡ,e,maldiɡ,a
maldesˈiɾ,maldiɡ,e,maldiɡ,a
maldesˈiɾ,maldiɡ,e,maldiɡ,a
maldesˈiɾ,maldiɡ,e,maldiɡ,a
maldesˈiɾ,maldiɡ,e,maldiɡ,a
maldesˈiɾ,maldiɡ,e,maldiɡ,a
maldesˈiɾ,maldes,imos,maldiɡ,o
maldesˈiɾ,maldis,o,maldiɡ,o
maldesˈiɾ,maldes,o,maldiɡ,o
maldesˈiɾ,maldes,o,maldiɡ,o
maldesˈiɾ,maldesj,o,maldiɡ,o
maldesˈiɾ,maldes,imos,maldiɡ,o
maldesˈiɾ,maldis,o,maldiɡ,o
maldesˈiɾ,maldis,o,maldiɡ,o
maldesˈiɾ,maldis,o,maldiɡ,o
maldesˈiɾ,maldis,o,maldiɡ,o
maldesˈiɾ,maldesis,o,maldiɡ,o
maldesˈiɾ,maldis,o,maldiɡ,o
maldesˈiɾ,maldis,o,maldiɡ,o
maldesˈiɾ,maldes,o,maldiɡ,o
maldesˈiɾ,maldes,o,maldiɡ,o
maldesˈiɾ,maldis,o,maldiɡ,o
maldesˈiɾ,maldis,o,maldiɡ,o
maldesˈiɾ,maldis,o,maldiɡ,o
maldesˈiɾ,maldis,o,maldiɡ,o
maldesˈiɾ,maldis,o,maldiɡ,o
maldesˈiɾ,maldis,o,maldiɡ,o
maldesˈiɾ,maldisje,o,maldiɡ,o
maldesˈiɾ,maldis,o,maldiɡ,o
maldesˈiɾ,maldis,o,maldiɡ,o
maldesˈiɾ,maldis,o,maldiɡ,o
maldesˈiɾ,maldis,o,maldiɡ,o
maldesˈiɾ,maldis,o,maldiɡ,o
maldesˈiɾ,maldis,o,maldiɡ,o
maldesˈiɾ,maldis,o,maldiɡ,o
maldesˈiɾ,maldis,o,maldiɡ,o
maldesˈiɾ,maldis,o,maldiɡ,o
maldesˈiɾ,maldis,o,maldiɡ,o
maldesˈiɾ,maldis,o,maldiɡ,o
maldesˈiɾ,maldis,o,maldiɡ,o
maldesˈiɾ,maldis,o,maldiɡ,o
maldesˈiɾ,maldis,o,maldiɡ,o
maldesˈiɾ,maldis,o,maldiɡ,o
maldesˈiɾ,maldis,o,maldiɡ,o
maldesˈiɾ,maldis,o,maldiɡ,o
maldesˈiɾ,maldis,o,maldiɡ,o
maldesˈiɾ,maldiɡ,emos,maldiɡ,o
maldesˈiɾ,maldiɡ,o,maldiɡ,o
maldesˈiɾ,maldiɡ,o,maldiɡ,o
maldesˈiɾ,maldiɡ,o,maldiɡ,o
maldesˈiɾ,maldiɡ,o,maldiɡ,o
maldesˈiɾ,maldiɡ,o,maldiɡ,o
maldesˈiɾ,maldiɡ,o,maldiɡ,o
maldesˈiɾ,maldiɡ,o,maldiɡ,o
maldesˈiɾ,maldiɡ,o,maldiɡ,o
maldesˈiɾ,maldiɡ,o,maldiɡ,o
maldesˈiɾ,maldiɡ,o,maldiɡ,o
maldesˈiɾ,maldiɡ,o,maldiɡ,o
maldesˈiɾ,maldiɡ,o,maldiɡ,o
maldesˈiɾ,maldiɡ,o,maldiɡ,o
maldesˈiɾ,maldiɡ,o,maldiɡ,o
pɾoibˈiɾ,pɾobim,ejs,pɾoib,ajs
pɾoibˈiɾ,pɾobis,ejs,pɾoib,ajs
pɾoibˈiɾ,pɾobib,ejs,pɾoib,ajs
pɾoibˈiɾ,pɾobib,ejs,pɾoib,ajs
pɾoibˈiɾ,pɾobim,ejs,pɾoib,ajs
pɾoibˈiɾ,pɾobib,ejs,pɾoib,ajs
pɾoibˈiɾ,pɾobib,ejs,pɾoib,ajs
pɾoibˈiɾ,pɾobib,ajs,pɾoib,ajs
pɾoibˈiɾ,pɾobib,ajs,pɾoib,ajs
pɾoibˈiɾ,pɾobib,ejs,pɾoib,ajs
pɾoibˈiɾ,pɾoib,ejs,pɾoib,ajs
pɾoibˈiɾ,pɾoib,ejs,pɾoib,ajs
pɾoibˈiɾ,pɾoib,ejs,pɾoib,ajs
pɾoibˈiɾ,pɾoib,ejs,pɾoib,ajs
pɾoibˈiɾ,pɾoib,ejs,pɾoib,ajs
pɾoibˈiɾ,pɾoib,ejs,pɾoib,ajs
pɾoibˈiɾ,pɾoib,ajs,pɾoib,ajs
pɾoibˈiɾ,pɾoibis,ajs,pɾoib,ajs
pɾoibˈiɾ,pɾoib,ejs,pɾoib,ajs
pɾoibˈiɾ,pɾoib,ejs,pɾoib,ajs
pɾoibˈiɾ,pɾoib,ejs,pɾoib,ajs
pɾoibˈiɾ,pɾoib,ejs,pɾoib,ajs
pɾoibˈiɾ,pɾoib,ejs,pɾoib,ajs
pɾoibˈiɾ,pɾoib,ejs,pɾoib,ajs
pɾoibˈiɾ,pɾoib,ajs,pɾoib,ajs
pɾoibˈiɾ,pɾoibis,ajs,pɾoib,ajs
pɾoibˈiɾ,pɾoib,ejs,pɾoib,ajs
pɾoibˈiɾ,pɾoib,ejs,pɾoib,ajs
pɾoibˈiɾ,pɾoib,ejs,pɾoib,ajs
pɾoibˈiɾ,pɾoib,ejs,pɾoib,ajs
pɾoibˈiɾ,pɾoib,ejs,pɾoib,ajs
pɾoibˈiɾ,pɾoib,ajs,pɾoib,ajs
pɾoibˈiɾ,pɾoib,ajs,pɾoib,ajs
pɾoibˈiɾ,pɾoib,ejs,pɾoib,ajs
pɾoibˈiɾ,pɾoib,ejs,pɾoib,ajs
pɾoibˈiɾ,pɾoib,ejs,pɾoib,ajs
pɾoibˈiɾ,pɾoib,ejs,pɾoib,ajs
pɾoibˈiɾ,pɾoib,ajs,pɾoib,ajs
pɾoibˈiɾ,pɾoib,ajs,pɾoib,ajs
pɾoibˈiɾ,pɾoib,ejs,pɾoib,ajs
pɾoibˈiɾ,pɾoib,ejs,pɾoib,ajs
pɾoibˈiɾ,pɾoib,ejs,pɾoib,ajs
pɾoibˈiɾ,pɾobib,ajs,pɾoib,ajs
pɾoibˈiɾ,pɾoib,ajs,pɾoib,ajs
pɾoibˈiɾ,pɾoib,ejs,pɾoib,ajs
pɾoibˈiɾ,pɾoib,ejs,pɾoib,ajs
pɾoibˈiɾ,pɾobib,ajs,pɾoib,ajs
pɾoibˈiɾ,pɾoib,ajs,pɾoib,ajs
pɾoibˈiɾ,pɾoib,ejs,pɾoib,ajs
pɾoibˈiɾ,pɾoib,ajs,pɾoib,ajs
pɾoibˈiɾ,pɾoib,ajs,pɾoib,ajs
pɾoibˈiɾ,pɾoib,ejs,pɾoib,ajs
pɾoibˈiɾ,pɾobib,ajs,pɾoib,ajs
pɾoibˈiɾ,pɾobib,ejs,pɾoib,ajs
pɾoibˈiɾ,pɾobis,ejs,pɾoib,ajs
pɾoibˈiɾ,pɾoib,emos,pɾoib,amos
pɾoibˈiɾ,pɾoib,emos,pɾoib,amos
pɾoibˈiɾ,pɾoib,emos,pɾoib,amos
pɾoibˈiɾ,pɾoib,emos,pɾoib,amos
pɾoibˈiɾ,pɾobib,emos,pɾoib,amos
pɾoibˈiɾ,pɾobib,emos,pɾoib,amos
pɾoibˈiɾ,pɾoib,emos,pɾoib,amos
pɾoibˈiɾ,pɾobib,amos,pɾoib,amos
pɾoibˈiɾ,pɾoib,amos,pɾoib,amos
pɾoibˈiɾ,pɾoib,emos,pɾoib,amos
pɾoibˈiɾ,pɾoib,emos,pɾoib,amos
pɾoibˈiɾ,pɾoib,emos,pɾoib,amos
pɾoibˈiɾ,pɾoib,emos,pɾoib,amos
pɾoibˈiɾ,pɾoib,emos,pɾoib,amos
pɾoibˈiɾ,pɾoib,emos,pɾoib,amos
pɾoibˈiɾ,pɾoib,emos,pɾoib,amos
pɾoibˈiɾ,pɾoib,amos,pɾoib,amos
pɾoibˈiɾ,pɾoibis,amos,pɾoib,amos
pɾoibˈiɾ,pɾoib,emos,pɾoib,amos
pɾoibˈiɾ,pɾoib,emos,pɾoib,amos
pɾoibˈiɾ,pɾoib,emos,pɾoib,amos
pɾoibˈiɾ,pɾoib,emos,pɾoib,amos
pɾoibˈiɾ,pɾoib,emos,pɾoib,amos
pɾoibˈiɾ,pɾoib,emos,pɾoib,amos
pɾoibˈiɾ,pɾoib,amos,pɾoib,amos
pɾoibˈiɾ,pɾoib,amos,pɾoib,amos
pɾoibˈiɾ,pɾoib,emos,pɾoib,amos
pɾoibˈiɾ,pɾoib,emos,pɾoib,amos
pɾoibˈiɾ,pɾoib,emos,pɾoib,amos
pɾoibˈiɾ,pɾoib,emos,pɾoib,amos
pɾoibˈiɾ,pɾoib,emos,pɾoib,amos
pɾoibˈiɾ,pɾoib,amos,pɾoib,amos
pɾoibˈiɾ,pɾoib,amos,pɾoib,amos
pɾoibˈiɾ,pɾoib,emos,pɾoib,amos
pɾoibˈiɾ,pɾoib,emos,pɾoib,amos
pɾoibˈiɾ,pɾoib,emos,pɾoib,amos
pɾoibˈiɾ,pɾoib,emos,pɾoib,amos
pɾoibˈiɾ,pɾoib,amos,pɾoib,amos
pɾoibˈiɾ,pɾoib,amos,pɾoib,amos
pɾoibˈiɾ,pɾoib,emos,pɾoib,amos
pɾoibˈiɾ,pɾoib,emos,pɾoib,amos
pɾoibˈiɾ,pɾoib,emos,pɾoib,amos
pɾoibˈiɾ,pɾobib,amos,pɾoib,amos
pɾoibˈiɾ,pɾoib,amos,pɾoib,amos
pɾoibˈiɾ,pɾoib,emos,pɾoib,amos
pɾoibˈiɾ,pɾoib,emos,pɾoib,amos
pɾoibˈiɾ,pɾobib,amos,pɾoib,amos
pɾoibˈiɾ,pɾoib,amos,pɾoib,amos
pɾoibˈiɾ,pɾoib,emos,pɾoib,amos
pɾoibˈiɾ,pɾoib,amos,pɾoib,amos
pɾoibˈiɾ,pɾoib,amos,pɾoib,amos
pɾoibˈiɾ,pɾoib,emos,pɾoib,amos
pɾoibˈiɾ,pɾobib,amos,pɾoib,amos
pɾoibˈiɾ,pɾobib,emos,pɾoib,amos
pɾoibˈiɾ,pɾobis,emos,pɾoib,amos
pɾoibˈiɾ,pɾobis,en,pɾoib,an
pɾoibˈiɾ,pɾobis,en,pɾoib,an
pɾoibˈiɾ,pɾobis,en,pɾoib,an
pɾoibˈiɾ,pɾobis,en,pɾoib,an
pɾoibˈiɾ,pɾobis,en,pɾoib,an
pɾoibˈiɾ,pɾobis,en,pɾoib,an
pɾoibˈiɾ,pɾobis,en,pɾoib,an
pɾoibˈiɾ,pɾobib,an,pɾoib,an
pɾoibˈiɾ,pɾobib,an,pɾoib,an
pɾoibˈiɾ,pɾobis,en,pɾoib,an
pɾoibˈiɾ,pɾobis,en,pɾoib,an
pɾoibˈiɾ,pɾobim,en,pɾoib,an
pɾoibˈiɾ,pɾobim,en,pɾoib,an
pɾoibˈiɾ,pɾobim,en,pɾoib,an
pɾoibˈiɾ,pɾobim,en,pɾoib,an
pɾoibˈiɾ,pɾobim,en,pɾoib,an
pɾoibˈiɾ,pɾobim,en,pɾoib,an
pɾoibˈiɾ,pɾobib,ajs,pɾoib,an
pɾoibˈiɾ,pɾobim,en,pɾoib,an
pɾoibˈiɾ,pɾobis,en,pɾoib,an
pɾoibˈiɾ,pɾobis,en,pɾoib,an
pɾoibˈiɾ,pɾobis,en,pɾoib,an
pɾoibˈiɾ,pɾobis,en,pɾoib,an
pɾoibˈiɾ,pɾobis,en,pɾoib,an
pɾoibˈiɾ,pɾobib,an,pɾoib,an
pɾoibˈiɾ,pɾobib,ajs,pɾoib,an
pɾoibˈiɾ,pɾobis,en,pɾoib,an
pɾoibˈiɾ,pɾobib,en,pɾoib,an
pɾoibˈiɾ,pɾobib,en,pɾoib,an
pɾoibˈiɾ,pɾobib,en,pɾoib,an
pɾoibˈiɾ,pɾobib,en,pɾoib,an
pɾoibˈiɾ,pɾobib,en,pɾoib,an
pɾoibˈiɾ,pɾobib,ajs,pɾoib,an
pɾoibˈiɾ,pɾobib,en,pɾoib,an
pɾoibˈiɾ,pɾobib,en,pɾoib,an
pɾoibˈiɾ,pɾobib,en,pɾoib,an
pɾoibˈiɾ,pɾobib,en,pɾoib,an
pɾoibˈiɾ,pɾobib,en,pɾoib,an
pɾoibˈiɾ,pɾobib,ajs,pɾoib,an
pɾoibˈiɾ,pɾobib,en,pɾoib,an
pɾoibˈiɾ,pɾobib,en,pɾoib,an
pɾoibˈiɾ,pɾobib,an,pɾoib,an
pɾoibˈiɾ,pɾobib,amos,pɾoib,an
pɾoibˈiɾ,pɾobib,ajs,pɾoib,an
pɾoibˈiɾ,pɾobib,en,pɾoib,an
pɾoibˈiɾ,pɾobis,en,pɾoib,an
pɾoibˈiɾ,pɾobib,amos,pɾoib,an
pɾoibˈiɾ,pɾobib,ajs,pɾoib,an
pɾoibˈiɾ,pɾobis,en,pɾoib,an
pɾoibˈiɾ,pɾobib,en,pɾoib,an
pɾoibˈiɾ,pɾobib,ajs,pɾoib,an
pɾoibˈiɾ,pɾobib,en,pɾoib,an
pɾoibˈiɾ,pɾobib,ajs,pɾoib,an
pɾoibˈiɾ,pɾobim,en,pɾoib,an
pɾoibˈiɾ,pɾobis,en,pɾoib,an
pɾoibˈiɾ,pɾobis,es,pɾoib,as
pɾoibˈiɾ,pɾobin,es,pɾoib,as
pɾoibˈiɾ,pɾobis,es,pɾoib,as
pɾoibˈiɾ,pɾobis,es,pɾoib,as
pɾoibˈiɾ,pɾobin,es,pɾoib,as
pɾoibˈiɾ,pɾobis,as,pɾoib,as
pɾoibˈiɾ,pɾobi,a,pɾoib,as
pɾoibˈiɾ,pɾobib,amos,pɾoib,as
pɾoibˈiɾ,pɾobib,ajs,pɾoib,as
pɾoibˈiɾ,pɾobis,es,pɾoib,as
pɾoibˈiɾ,pɾobim,es,pɾoib,as
pɾoibˈiɾ,pɾobim,es,pɾoib,as
pɾoibˈiɾ,pɾobim,es,pɾoib,as
pɾoibˈiɾ,pɾobim,es,pɾoib,as
pɾoibˈiɾ,pɾobim,as,pɾoib,as
pɾoibˈiɾ,pɾobim,as,pɾoib,as
pɾoibˈiɾ,pɾobim,amos,pɾoib,as
pɾoibˈiɾ,pɾobib,ajs,pɾoib,as
pɾoibˈiɾ,pɾobim,es,pɾoib,as
pɾoibˈiɾ,pɾobib,es,pɾoib,as
pɾoibˈiɾ,pɾobib,es,pɾoib,as
pɾoibˈiɾ,pɾobin,es,pɾoib,as
pɾoibˈiɾ,pɾobib,as,pɾoib,as
pɾoibˈiɾ,pɾobib,es,pɾoib,as
pɾoibˈiɾ,pɾobib,amos,pɾoib,as
pɾoibˈiɾ,pɾobib,ajs,pɾoib,as
pɾoibˈiɾ,pɾobib,es,pɾoib,as
pɾoibˈiɾ,pɾobib,es,pɾoib,as
pɾoibˈiɾ,pɾobib,es,pɾoib,as
pɾoibˈiɾ,pɾobib,as,pɾoib,as
pɾoibˈiɾ,pɾobib,es,pɾoib,as
pɾoibˈiɾ,pɾobib,amos,pɾoib,as
pɾoibˈiɾ,pɾobib,ajs,pɾoib,as
pɾoibˈiɾ,pɾobib,es,pɾoib,as
pɾoibˈiɾ,pɾobib,es,pɾoib,as
pɾoibˈiɾ,pɾobib,as,pɾoib,as
pɾoibˈiɾ,pɾobib,es,pɾoib,as
pɾoibˈiɾ,pɾobib,amos,pɾoib,as
pɾoibˈiɾ,pɾobib,ajs,pɾoib,as
pɾoibˈiɾ,pɾobib,es,pɾoib,as
pɾoibˈiɾ,pɾobib,as,pɾoib,as
pɾoibˈiɾ,pɾobib,as,pɾoib,as
pɾoibˈiɾ,pɾobib,amos,pɾoib,as
pɾoibˈiɾ,pɾobib,ajs,pɾoib,as
pɾoibˈiɾ,pɾobib,es,pɾoib,as
pɾoibˈiɾ,pɾobib,a,pɾoib,as
pɾoibˈiɾ,pɾobib,amos,pɾoib,as
pɾoibˈiɾ,pɾobib,ajs,pɾoib,as
pɾoibˈiɾ,pɾobis,es,pɾoib,as
pɾoibˈiɾ,pɾobib,amos,pɾoib,as
pɾoibˈiɾ,pɾobib,ajs,pɾoib,as
pɾoibˈiɾ,pɾobib,es,pɾoib,as
pɾoibˈiɾ,pɾobib,ajs,pɾoib,as
pɾoibˈiɾ,pɾobim,es,pɾoib,as
pɾoibˈiɾ,pɾobis,es,pɾoib,as
pɾoibˈiɾ,pɾobis,e,pɾoib,a
pɾoibˈiɾ,pɾobin,e,pɾoib,a
pɾoibˈiɾ,pɾobis,e,pɾoib,a
pɾoibˈiɾ,pɾobis,e,pɾoib,a
pɾoibˈiɾ,pɾobin,e,pɾoib,a
pɾoibˈiɾ,pɾobis,e,pɾoib,a
pɾoibˈiɾ,pɾobis,a,pɾoib,a
pɾoibˈiɾ,pɾobib,ajs,pɾoib,a
pɾoibˈiɾ,pɾobib,ajs,pɾoib,a
pɾoibˈiɾ,pɾobis,e,pɾoib,a
pɾoibˈiɾ,pɾobim,e,pɾoib,a
pɾoibˈiɾ,pɾobim,e,pɾoib,a
pɾoibˈiɾ,pɾobim,e,pɾoib,a
pɾoibˈiɾ,pɾobim,e,pɾoib,a
pɾoibˈiɾ,pɾobim,e,pɾoib,a
pɾoibˈiɾ,pɾobim,a,pɾoib,a
pɾoibˈiɾ,pɾobim,amos,pɾoib,a
pɾoibˈiɾ,pɾobib,ajs,pɾoib,a
pɾoibˈiɾ,pɾobim,e,pɾoib,a
pɾoibˈiɾ,pɾobis,e,pɾoib,a
pɾoibˈiɾ,pɾobib,e,pɾoib,a
pɾoibˈiɾ,pɾobin,e,pɾoib,a
pɾoibˈiɾ,pɾobib,e,pɾoib,a
pɾoibˈiɾ,pɾobib,a,pɾoib,a
pɾoibˈiɾ,pɾobib,e,pɾoib,a
pɾoibˈiɾ,pɾobib,ajs,pɾoib,a
pɾoibˈiɾ,pɾobib,e,pɾoib,a
pɾoibˈiɾ,pɾobis,e,pɾoib,a
pɾoibˈiɾ,pɾobis,e,pɾoib,a
pɾoibˈiɾ,pɾobis,e,pɾoib,a
pɾoibˈiɾ,pɾobis,a,pɾoib,a
pɾoibˈiɾ,pɾobib,ajs,pɾoib,a
pɾoibˈiɾ,pɾobib,ajs,pɾoib,a
pɾoibˈiɾ,pɾobis,e,pɾoib,a
pɾoibˈiɾ,pɾobib,e,pɾoib,a
pɾoibˈiɾ,pɾobib,e,pɾoib,a
pɾoibˈiɾ,pɾobib,a,pɾoib,a
pɾoibˈiɾ,pɾobib,e,pɾoib,a
pɾoibˈiɾ,pɾobib,ajs,pɾoib,a
pɾoibˈiɾ,pɾobib,e,pɾoib,a
pɾoibˈiɾ,pɾobib,e,pɾoib,a
pɾoibˈiɾ,pɾobib,a,pɾoib,a
pɾoibˈiɾ,pɾobib,e,pɾoib,a
pɾoibˈiɾ,pɾobib,ajs,pɾoib,a
pɾoibˈiɾ,pɾobib,e,pɾoib,a
pɾoibˈiɾ,pɾobis,a,pɾoib,a
pɾoibˈiɾ,pɾobib,e,pɾoib,a
pɾoibˈiɾ,pɾobib,ajs,pɾoib,a
pɾoibˈiɾ,pɾobis,e,pɾoib,a
pɾoibˈiɾ,pɾobib,e,pɾoib,a
pɾoibˈiɾ,pɾobib,ajs,pɾoib,a
pɾoibˈiɾ,pɾobib,e,pɾoib,a
pɾoibˈiɾ,pɾobib,ajs,pɾoib,a
pɾoibˈiɾ,pɾobim,e,pɾoib,a
pɾoibˈiɾ,pɾobis,e,pɾoib,a
pɾoibˈiɾ,pɾobis,e,pɾoib,a
pɾoibˈiɾ,pɾobin,e,pɾoib,a
pɾoibˈiɾ,pɾobis,e,pɾoib,a
pɾoibˈiɾ,pɾobis,e,pɾoib,a
pɾoibˈiɾ,pɾobin,e,pɾoib,a
pɾoibˈiɾ,pɾobis,e,pɾoib,a
pɾoibˈiɾ,pɾobib,a,pɾoib,a
pɾoibˈiɾ,pɾobib,ajs,pɾoib,a
pɾoibˈiɾ,pɾobib,a,pɾoib,a
pɾoibˈiɾ,pɾobis,e,pɾoib,a
pɾoibˈiɾ,pɾobim,e,pɾoib,a
pɾoibˈiɾ,pɾobim,e,pɾoib,a
pɾoibˈiɾ,pɾobim,e,pɾoib,a
pɾoibˈiɾ,pɾobim,e,pɾoib,a
pɾoibˈiɾ,pɾobim,e,pɾoib,a
pɾoibˈiɾ,pɾobim,a,pɾoib,a
pɾoibˈiɾ,pɾobim,ajs,pɾoib,a
pɾoibˈiɾ,pɾobib,ajs,pɾoib,a
pɾoibˈiɾ,pɾobim,e,pɾoib,a
pɾoibˈiɾ,pɾobis,e,pɾoib,a
pɾoibˈiɾ,pɾobib,e,pɾoib,a
pɾoibˈiɾ,pɾobin,e,pɾoib,a
pɾoibˈiɾ,pɾobib,e,pɾoib,a
pɾoibˈiɾ,pɾobib,e,pɾoib,a
pɾoibˈiɾ,pɾobib,e,pɾoib,a
pɾoibˈiɾ,pɾobib,ajs,pɾoib,a
pɾoibˈiɾ,pɾobib,e,pɾoib,a
pɾoibˈiɾ,pɾobis,e,pɾoib,a
pɾoibˈiɾ,pɾobis,e,pɾoib,a
pɾoibˈiɾ,pɾobis,e,pɾoib,a
pɾoibˈiɾ,pɾobis,a,pɾoib,a
pɾoibˈiɾ,pɾobib,ajs,pɾoib,a
pɾoibˈiɾ,pɾobib,ajs,pɾoib,a
pɾoibˈiɾ,pɾobis,e,pɾoib,a
pɾoibˈiɾ,pɾobib,e,pɾoib,a
pɾoibˈiɾ,pɾobib,e,pɾoib,a
pɾoibˈiɾ,pɾobib,e,pɾoib,a
pɾoibˈiɾ,pɾobib,e,pɾoib,a
pɾoibˈiɾ,pɾobib,ajs,pɾoib,a
pɾoibˈiɾ,pɾobib,e,pɾoib,a
pɾoibˈiɾ,pɾobib,e,pɾoib,a
pɾoibˈiɾ,pɾobib,a,pɾoib,a
pɾoibˈiɾ,pɾobib,e,pɾoib,a
pɾoibˈiɾ,pɾobib,ajs,pɾoib,a
pɾoibˈiɾ,pɾobib,e,pɾoib,a
pɾoibˈiɾ,pɾobib,a,pɾoib,a
pɾoibˈiɾ,pɾobib,e,pɾoib,a
pɾoibˈiɾ,pɾobib,ajs,pɾoib,a
pɾoibˈiɾ,pɾobis,e,pɾoib,a
pɾoibˈiɾ,pɾobib,e,pɾoib,a
pɾoibˈiɾ,pɾobib,ajs,pɾoib,a
pɾoibˈiɾ,pɾobib,e,pɾoib,a
pɾoibˈiɾ,pɾobib,ajs,pɾoib,a
pɾoibˈiɾ,pɾobim,e,pɾoib,a
pɾoibˈiɾ,pɾobis,e,pɾoib,a
pɾoibˈiɾ,pɾobis,an,pɾoib,en
pɾoibˈiɾ,pɾobis,en,pɾoib,en
pɾoibˈiɾ,pɾobis,an,pɾoib,en
pɾoibˈiɾ,pɾobis,an,pɾoib,en
pɾoibˈiɾ,pɾobis,an,pɾoib,en
pɾoibˈiɾ,pɾobis,an,pɾoib,en
pɾoibˈiɾ,pɾobis,an,pɾoib,en
pɾoibˈiɾ,pɾobib,an,pɾoib,en
pɾoibˈiɾ,pɾobib,an,pɾoib,en
pɾoibˈiɾ,pɾobis,an,pɾoib,en
pɾoibˈiɾ,pɾobim,an,pɾoib,en
pɾoibˈiɾ,pɾobis,an,pɾoib,en
pɾoibˈiɾ,pɾobim,an,pɾoib,en
pɾoibˈiɾ,pɾobim,an,pɾoib,en
pɾoibˈiɾ,pɾobim,an,pɾoib,en
pɾoibˈiɾ,pɾobim,an,pɾoib,en
pɾoibˈiɾ,pɾobim,amos,pɾoib,en
pɾoibˈiɾ,pɾobib,ajs,pɾoib,en
pɾoibˈiɾ,pɾobim,an,pɾoib,en
pɾoibˈiɾ,pɾobis,an,pɾoib,en
pɾoibˈiɾ,pɾobib,an,pɾoib,en
pɾoibˈiɾ,pɾobib,an,pɾoib,en
pɾoibˈiɾ,pɾobib,an,pɾoib,en
pɾoibˈiɾ,pɾobib,an,pɾoib,en
pɾoibˈiɾ,pɾobib,amos,pɾoib,en
pɾoibˈiɾ,pɾobib,ajs,pɾoib,en
pɾoibˈiɾ,pɾobib,an,pɾoib,en
pɾoibˈiɾ,pɾobis,an,pɾoib,en
pɾoibˈiɾ,pɾobis,an,pɾoib,en
pɾoibˈiɾ,pɾobis,an,pɾoib,en
pɾoibˈiɾ,pɾobis,an,pɾoib,en
pɾoibˈiɾ,pɾobib,amos,pɾoib,en
pɾoibˈiɾ,pɾobib,ajs,pɾoib,en
pɾoibˈiɾ,pɾobis,an,pɾoib,en
pɾoibˈiɾ,pɾobib,an,pɾoib,en
pɾoibˈiɾ,pɾobib,an,pɾoib,en
pɾoibˈiɾ,pɾobib,an,pɾoib,en
pɾoibˈiɾ,pɾobib,amos,pɾoib,en
pɾoibˈiɾ,pɾobib,ajs,pɾoib,en
pɾoibˈiɾ,pɾobib,an,pɾoib,en
pɾoibˈiɾ,pɾobib,an,pɾoib,en
pɾoibˈiɾ,pɾobib,an,pɾoib,en
pɾoibˈiɾ,pɾobib,amos,pɾoib,en
pɾoibˈiɾ,pɾobib,ajs,pɾoib,en
pɾoibˈiɾ,pɾobib,an,pɾoib,en
pɾoibˈiɾ,pɾobis,an,pɾoib,en
pɾoibˈiɾ,pɾobib,amos,pɾoib,en
pɾoibˈiɾ,pɾobib,ajs,pɾoib,en
pɾoibˈiɾ,pɾobis,an,pɾoib,en
pɾoibˈiɾ,pɾobib,amos,pɾoib,en
pɾoibˈiɾ,pɾobib,ajs,pɾoib,en
pɾoibˈiɾ,pɾobib,an,pɾoib,en
pɾoibˈiɾ,pɾobib,ajs,pɾoib,en
pɾoibˈiɾ,pɾobim,an,pɾoib,en
pɾoibˈiɾ,pɾobis,an,pɾoib,en
pɾoibˈiɾ,pɾobib,emos,pɾoib,es
pɾoibˈiɾ,pɾobin,as,pɾoib,es
pɾoibˈiɾ,pɾobis,es,pɾoib,es
pɾoibˈiɾ,pɾobis,es,pɾoib,es
pɾoibˈiɾ,pɾobis,es,pɾoib,es
pɾoibˈiɾ,pɾobin,as,pɾoib,es
pɾoibˈiɾ,pɾobis,as,pɾoib,es
pɾoibˈiɾ,pɾobib,amos,pɾoib,es
pɾoibˈiɾ,pɾobib,ajs,pɾoib,es
pɾoibˈiɾ,pɾobis,as,pɾoib,es
pɾoibˈiɾ,pɾobim,as,pɾoib,es
pɾoibˈiɾ,pɾobim,as,pɾoib,es
pɾoibˈiɾ,pɾobim,as,pɾoib,es
pɾoibˈiɾ,pɾobim,as,pɾoib,es
pɾoibˈiɾ,pɾobim,as,pɾoib,es
pɾoibˈiɾ,pɾobim,as,pɾoib,es
pɾoibˈiɾ,pɾobim,amos,pɾoib,es
pɾoibˈiɾ,pɾobib,ajs,pɾoib,es
pɾoibˈiɾ,pɾobim,as,pɾoib,es
pɾoibˈiɾ,pɾobib,as,pɾoib,es
pɾoibˈiɾ,pɾobib,as,pɾoib,es
pɾoibˈiɾ,pɾobib,as,pɾoib,es
pɾoibˈiɾ,pɾobin,as,pɾoib,es
pɾoibˈiɾ,pɾobib,as,pɾoib,es
pɾoibˈiɾ,pɾobib,amos,pɾoib,es
pɾoibˈiɾ,pɾobib,ajs,pɾoib,es
pɾoibˈiɾ,pɾobib,as,pɾoib,es
pɾoibˈiɾ,pɾobis,es,pɾoib,es
pɾoibˈiɾ,pɾobis,es,pɾoib,es
pɾoibˈiɾ,pɾobis,as,pɾoib,es
pɾoibˈiɾ,pɾobis,as,pɾoib,es
pɾoibˈiɾ,pɾobib,amos,pɾoib,es
pɾoibˈiɾ,pɾobib,ajs,pɾoib,es
pɾoibˈiɾ,pɾobis,as,pɾoib,es
pɾoibˈiɾ,pɾobib,as,pɾoib,es
pɾoibˈiɾ,pɾobib,as,pɾoib,es
pɾoibˈiɾ,pɾobib,as,pɾoib,es
pɾoibˈiɾ,pɾobib,amos,pɾoib,es
pɾoibˈiɾ,pɾobib,ajs,pɾoib,es
pɾoibˈiɾ,pɾobib,as,pɾoib,es
pɾoibˈiɾ,pɾobib,as,pɾoib,es
pɾoibˈiɾ,pɾobib,as,pɾoib,es
pɾoibˈiɾ,pɾobib,amos,pɾoib,es
pɾoibˈiɾ,pɾobib,ajs,pɾoib,es
pɾoibˈiɾ,pɾobib,as,pɾoib,es
pɾoibˈiɾ,pɾobib,as,pɾoib,es
pɾoibˈiɾ,pɾobib,amos,pɾoib,es
pɾoibˈiɾ,pɾobib,ajs,pɾoib,es
pɾoibˈiɾ,pɾobib,as,pɾoib,es
pɾoibˈiɾ,pɾobib,amos,pɾoib,es
pɾoibˈiɾ,pɾobib,ajs,pɾoib,es
pɾoibˈiɾ,pɾobib,as,pɾoib,es
pɾoibˈiɾ,pɾobib,ajs,pɾoib,es
pɾoibˈiɾ,pɾobim,as,pɾoib,es
pɾoibˈiɾ,pɾobis,as,pɾoib,es
pɾoibˈiɾ,pɾobis,a,pɾoib,e
pɾoibˈiɾ,pɾobis,a,pɾoib,e
pɾoibˈiɾ,pɾobis,a,pɾoib,e
pɾoibˈiɾ,pɾobis,a,pɾoib,e
pɾoibˈiɾ,pɾobis,a,pɾoib,e
pɾoibˈiɾ,pɾobin,a,pɾoib,e
pɾoibˈiɾ,pɾobis,a,pɾoib,e
pɾoibˈiɾ,pɾobib,a,pɾoib,e
pɾoibˈiɾ,pɾobib,a,pɾoib,e
pɾoibˈiɾ,pɾobis,a,pɾoib,e
pɾoibˈiɾ,pɾobim,a,pɾoib,e
pɾoibˈiɾ,pɾobim,a,pɾoib,e
pɾoibˈiɾ,pɾobim,a,pɾoib,e
pɾoibˈiɾ,pɾobim,a,pɾoib,e
pɾoibˈiɾ,pɾobim,a,pɾoib,e
pɾoibˈiɾ,pɾobim,a,pɾoib,e
pɾoibˈiɾ,pɾobim,amos,pɾoib,e
pɾoibˈiɾ,pɾobib,ajs,pɾoib,e
pɾoibˈiɾ,pɾobim,a,pɾoib,e
pɾoibˈiɾ,pɾobis,a,pɾoib,e
pɾoibˈiɾ,pɾobib,a,pɾoib,e
pɾoibˈiɾ,pɾobib,a,pɾoib,e
pɾoibˈiɾ,pɾobin,a,pɾoib,e
pɾoibˈiɾ,pɾobib,a,pɾoib,e
pɾoibˈiɾ,pɾobib,a,pɾoib,e
pɾoibˈiɾ,pɾobib,ajs,pɾoib,e
pɾoibˈiɾ,pɾobib,a,pɾoib,e
pɾoibˈiɾ,pɾobis,a,pɾoib,e
pɾoibˈiɾ,pɾobis,a,pɾoib,e
pɾoibˈiɾ,pɾobis,a,pɾoib,e
pɾoibˈiɾ,pɾobis,a,pɾoib,e
pɾoibˈiɾ,pɾobib,a,pɾoib,e
pɾoibˈiɾ,pɾobib,ajs,pɾoib,e
pɾoibˈiɾ,pɾobis,a,pɾoib,e
pɾoibˈiɾ,pɾobib,a,pɾoib,e
pɾoibˈiɾ,pɾobib,a,pɾoib,e
pɾoibˈiɾ,pɾobib,a,pɾoib,e
pɾoibˈiɾ,pɾobib,a,pɾoib,e
pɾoibˈiɾ,pɾobib,ajs,pɾoib,e
pɾoibˈiɾ,pɾobib,a,pɾoib,e
pɾoibˈiɾ,pɾobib,a,pɾoib,e
pɾoibˈiɾ,pɾobib,a,pɾoib,e
pɾoibˈiɾ,pɾobib,a,pɾoib,e
pɾoibˈiɾ,pɾobib,ajs,pɾoib,e
pɾoibˈiɾ,pɾobib,a,pɾoib,e
pɾoibˈiɾ,pɾobib,a,pɾoib,e
pɾoibˈiɾ,pɾobib,amos,pɾoib,e
pɾoibˈiɾ,pɾobib,ajs,pɾoib,e
pɾoibˈiɾ,pɾobib,a,pɾoib,e
pɾoibˈiɾ,pɾobib,a,pɾoib,e
pɾoibˈiɾ,pɾobib,ajs,pɾoib,e
pɾoibˈiɾ,pɾobis,a,pɾoib,e
pɾoibˈiɾ,pɾobib,ajs,pɾoib,e
pɾoibˈiɾ,pɾobim,a,pɾoib,e
pɾoibˈiɾ,pɾobis,a,pɾoib,e
pɾoibˈiɾ,pɾobib,amos,pɾoib,imos
pɾoibˈiɾ,pɾobib,amos,pɾoib,imos
pɾoibˈiɾ,pɾobis,amos,pɾoib,imos
pɾoibˈiɾ,pɾobib,amos,pɾoib,imos
pɾoibˈiɾ,pɾobib,amos,pɾoib,imos
pɾoibˈiɾ,pɾobib,amos,pɾoib,imos
pɾoibˈiɾ,pɾobib,amos,pɾoib,imos
pɾoibˈiɾ,pɾobib,amos,pɾoib,imos
pɾoibˈiɾ,pɾobib,amos,pɾoib,imos
pɾoibˈiɾ,pɾobib,amos,pɾoib,imos
pɾoibˈiɾ,pɾobim,amos,pɾoib,imos
pɾoibˈiɾ,pɾobis,amos,pɾoib,imos
pɾoibˈiɾ,pɾobim,amos,pɾoib,imos
pɾoibˈiɾ,pɾobim,amos,pɾoib,imos
pɾoibˈiɾ,pɾobim,amos,pɾoib,imos
pɾoibˈiɾ,pɾobib,amos,pɾoib,imos
pɾoibˈiɾ,pɾobib,amos,pɾoib,imos
pɾoibˈiɾ,pɾobib,amos,pɾoib,imos
pɾoibˈiɾ,pɾobib,amos,pɾoib,imos
pɾoibˈiɾ,pɾobib,amos,pɾoib,imos
pɾoibˈiɾ,pɾoib,amos,pɾoib,imos
pɾoibˈiɾ,pɾoib,amos,pɾoib,imos
pɾoibˈiɾ,pɾobib,amos,pɾoib,imos
pɾoibˈiɾ,pɾobib,amos,pɾoib,imos
pɾoibˈiɾ,pɾobib,amos,pɾoib,imos
pɾoibˈiɾ,pɾobib,amos,pɾoib,imos
pɾoibˈiɾ,pɾobib,amos,pɾoib,imos
pɾoibˈiɾ,pɾoib,amos,pɾoib,imos
pɾoibˈiɾ,pɾoib,amos,pɾoib,imos
pɾoibˈiɾ,pɾobib,amos,pɾoib,imos
pɾoibˈiɾ,pɾobib,amos,pɾoib,imos
pɾoibˈiɾ,pɾobib,amos,pɾoib,imos
pɾoibˈiɾ,pɾoobis,amos,pɾoib,imos
pɾoibˈiɾ,pɾobib,amos,pɾoib,imos
pɾoibˈiɾ,pɾoib,amos,pɾoib,imos
pɾoibˈiɾ,pɾobib,amos,pɾoib,imos
pɾoibˈiɾ,pɾobib,amos,pɾoib,imos
pɾoibˈiɾ,pɾobib,amos,pɾoib,imos
pɾoibˈiɾ,pɾobib,amos,pɾoib,imos
pɾoibˈiɾ,pɾobib,amos,pɾoib,imos
pɾoibˈiɾ,pɾobib,amos,pɾoib,imos
pɾoibˈiɾ,pɾobib,amos,pɾoib,imos
pɾoibˈiɾ,pɾobib,amos,pɾoib,imos
pɾoibˈiɾ,pɾobib,amos,pɾoib,imos
pɾoibˈiɾ,pɾobib,amos,pɾoib,imos
pɾoibˈiɾ,pɾobib,amos,pɾoib,imos
pɾoibˈiɾ,pɾobib,amos,pɾoib,imos
pɾoibˈiɾ,pɾobib,amos,pɾoib,imos
pɾoibˈiɾ,pɾobib,amos,pɾoib,imos
pɾoibˈiɾ,pɾobib,amos,pɾoib,imos
pɾoibˈiɾ,pɾobib,amos,pɾoib,imos
pɾoibˈiɾ,pɾobib,amos,pɾoib,imos
pɾoibˈiɾ,pɾobib,amos,pɾoib,imos
pɾoibˈiɾ,pɾobib,amos,pɾoib,imos
pɾoibˈiɾ,pɾobis,amos,pɾoib,imos
pɾoibˈiɾ,pɾobib,ajs,pɾoib,is
pɾoibˈiɾ,pɾobib,ajs,pɾoib,is
pɾoibˈiɾ,pɾobib,ajs,pɾoib,is
pɾoibˈiɾ,pɾobib,ajs,pɾoib,is
pɾoibˈiɾ,pɾobib,ajs,pɾoib,is
pɾoibˈiɾ,pɾobib,ajs,pɾoib,is
pɾoibˈiɾ,pɾobib,ajs,pɾoib,is
pɾoibˈiɾ,pɾobib,ajs,pɾoib,is
pɾoibˈiɾ,pɾobib,ajs,pɾoib,is
pɾoibˈiɾ,pɾobib,ajs,pɾoib,is
pɾoibˈiɾ,pɾobib,ajs,pɾoib,is
pɾoibˈiɾ,pɾobib,ajs,pɾoib,is
pɾoibˈiɾ,pɾobib,ajs,pɾoib,is
pɾoibˈiɾ,pɾobib,ajs,pɾoib,is
pɾoibˈiɾ,pɾobib,ajs,pɾoib,is
pɾoibˈiɾ,pɾobib,ajs,pɾoib,is
pɾoibˈiɾ,pɾobib,ajs,pɾoib,is
pɾoibˈiɾ,pɾobib,ajs,pɾoib,is
pɾoibˈiɾ,pɾobib,ajs,pɾoib,is
pɾoibˈiɾ,pɾoib,ajs,pɾoib,is
pɾoibˈiɾ,pɾoib,ajs,pɾoib,is
pɾoibˈiɾ,pɾoib,ajs,pɾoib,is
pɾoibˈiɾ,pɾobib,ajs,pɾoib,is
pɾoibˈiɾ,pɾobib,ajs,pɾoib,is
pɾoibˈiɾ,pɾobib,ajs,pɾoib,is
pɾoibˈiɾ,pɾobib,ajs,pɾoib,is
pɾoibˈiɾ,pɾobib,ajs,pɾoib,is
pɾoibˈiɾ,pɾoib,ajs,pɾoib,is
pɾoibˈiɾ,pɾoib,ajs,pɾoib,is
pɾoibˈiɾ,pɾobib,ajs,pɾoib,is
pɾoibˈiɾ,pɾobib,ajs,pɾoib,is
pɾoibˈiɾ,pɾobib,ajs,pɾoib,is
pɾoibˈiɾ,pɾobib,ajs,pɾoib,is
pɾoibˈiɾ,pɾobib,ajs,pɾoib,is
pɾoibˈiɾ,pɾoib,ajs,pɾoib,is
pɾoibˈiɾ,pɾobib,ajs,pɾoib,is
pɾoibˈiɾ,pɾobib,ajs,pɾoib,is
pɾoibˈiɾ,pɾobib,ajs,pɾoib,is
pɾoibˈiɾ,pɾobib,ajs,pɾoib,is
pɾoibˈiɾ,pɾobib,ajs,pɾoib,is
pɾoibˈiɾ,pɾobib,ajs,pɾoib,is
pɾoibˈiɾ,pɾobib,ajs,pɾoib,is
pɾoibˈiɾ,pɾobib,ajs,pɾoib,is
pɾoibˈiɾ,pɾobib,ajs,pɾoib,is
pɾoibˈiɾ,pɾobib,ajs,pɾoib,is
pɾoibˈiɾ,pɾobib,ajs,pɾoib,is
pɾoibˈiɾ,pɾobib,ajs,pɾoib,is
pɾoibˈiɾ,pɾobib,ajs,pɾoib,is
pɾoibˈiɾ,pɾobib,ajs,pɾoib,is
pɾoibˈiɾ,pɾobib,ajs,pɾoib,is
pɾoibˈiɾ,pɾobib,ajs,pɾoib,is
pɾoibˈiɾ,pɾobib,ajs,pɾoib,is
pɾoibˈiɾ,pɾobib,ajs,pɾoib,is
pɾoibˈiɾ,pɾobib,ajs,pɾoib,is
pɾoibˈiɾ,pɾobib,ajs,pɾoib,is
pɾoibˈiɾ,pɾobis,o,pɾoib,o
pɾoibˈiɾ,pɾobin,o,pɾoib,o
pɾoibˈiɾ,pɾobis,o,pɾoib,o
pɾoibˈiɾ,pɾobis,o,pɾoib,o
pɾoibˈiɾ,pɾobis,o,pɾoib,o
pɾoibˈiɾ,pɾobin,o,pɾoib,o
pɾoibˈiɾ,pɾobis,o,pɾoib,o
pɾoibˈiɾ,pɾobib,o,pɾoib,o
pɾoibˈiɾ,pɾob,imos,pɾoib,o
pɾoibˈiɾ,pɾobib,ajs,pɾoib,o
pɾoibˈiɾ,pɾobim,o,pɾoib,o
pɾoibˈiɾ,pɾobim,o,pɾoib,o
pɾoibˈiɾ,pɾobim,o,pɾoib,o
pɾoibˈiɾ,pɾobim,o,pɾoib,o
pɾoibˈiɾ,pɾobim,o,pɾoib,o
pɾoibˈiɾ,pɾobim,o,pɾoib,o
pɾoibˈiɾ,pɾobim,o,pɾoib,o
pɾoibˈiɾ,pɾob,imos,pɾoib,o
pɾoibˈiɾ,pɾobib,ajs,pɾoib,o
pɾoibˈiɾ,pɾobib,o,pɾoib,o
pɾoibˈiɾ,pɾobib,o,pɾoib,o
pɾoibˈiɾ,pɾobib,o,pɾoib,o
pɾoibˈiɾ,pɾobin,o,pɾoib,o
pɾoibˈiɾ,pɾobib,o,pɾoib,o
pɾoibˈiɾ,pɾobib,o,pɾoib,o
pɾoibˈiɾ,pɾobib,amos,pɾoib,o
pɾoibˈiɾ,pɾobib,ajs,pɾoib,o
pɾoibˈiɾ,pɾobis,o,pɾoib,o
pɾoibˈiɾ,pɾobis,o,pɾoib,o
pɾoibˈiɾ,pɾobis,o,pɾoib,o
pɾoibˈiɾ,pɾobis,o,pɾoib,o
pɾoibˈiɾ,pɾobib,o,pɾoib,o
pɾoibˈiɾ,pɾobib,amos,pɾoib,o
pɾoibˈiɾ,pɾobib,ajs,pɾoib,o
pɾoibˈiɾ,pɾobib,o,pɾoib,o
pɾoibˈiɾ,pɾobib,o,pɾoib,o
pɾoibˈiɾ,pɾobib,o,pɾoib,o
pɾoibˈiɾ,pɾobib,o,pɾoib,o
pɾoibˈiɾ,pɾobib,amos,pɾoib,o
pɾoibˈiɾ,pɾobib,ajs,pɾoib,o
pɾoibˈiɾ,pɾobib,o,pɾoib,o
pɾoibˈiɾ,pɾobib,o,pɾoib,o
pɾoibˈiɾ,pɾobib,o,pɾoib,o
pɾoibˈiɾ,pɾobib,amos,pɾoib,o
pɾoibˈiɾ,pɾobib,ajs,pɾoib,o
pɾoibˈiɾ,pɾobib,o,pɾoib,o
pɾoibˈiɾ,pɾobib,o,pɾoib,o
pɾoibˈiɾ,pɾobib,amos,pɾoib,o
pɾoibˈiɾ,pɾobib,ajs,pɾoib,o
pɾoibˈiɾ,pɾobib,o,pɾoib,o
pɾoibˈiɾ,pɾobib,amos,pɾoib,o
pɾoibˈiɾ,pɾobib,ajs,pɾoib,o
pɾoibˈiɾ,pɾobib,amos,pɾoib,o
pɾoibˈiɾ,pɾobib,ajs,pɾoib,o
pɾoibˈiɾ,pɾobib,ajs,pɾoib,o
peɾseɡˈiɾ,peɾseɡ,imos,peɾseɡ,imos
peɾseɡˈiɾ,peɾseɡ,imos,peɾseɡ,imos
peɾseɡˈiɾ,peɾseɡ,imos,peɾseɡ,imos
peɾseɡˈiɾ,peɾseɡ,imos,peɾseɡ,imos
peɾseɡˈiɾ,peɾseɡ,imos,peɾseɡ,imos
peɾseɡˈiɾ,peɾseɡ,imos,peɾseɡ,imos
peɾseɡˈiɾ,peɾseɡ,imos,peɾseɡ,imos
peɾseɡˈiɾ,peɾseɡ,imos,peɾseɡ,imos
peɾseɡˈiɾ,peɾseɡ,imos,peɾseɡ,imos
peɾseɡˈiɾ,peɾseɡ,imos,peɾseɡ,imos
peɾseɡˈiɾ,peɾsiɡ,amos,peɾseɡ,imos
peɾseɡˈiɾ,peɾsiɡ,amos,peɾseɡ,imos
peɾseɡˈiɾ,peɾsiɡ,amos,peɾseɡ,imos
peɾseɡˈiɾ,peɾsiɡ,amos,peɾseɡ,imos
peɾseɡˈiɾ,peɾsiɡ,amos,peɾseɡ,imos
peɾseɡˈiɾ,peɾsiɡ,amos,peɾseɡ,imos
peɾseɡˈiɾ,peɾsiɡ,amos,peɾseɡ,imos
peɾseɡˈiɾ,peɾsiɡ,amos,peɾseɡ,imos
peɾseɡˈiɾ,peɾsiɡ,amos,peɾseɡ,imos
peɾseɡˈiɾ,peɾsiɡ,amos,peɾseɡ,imos
peɾseɡˈiɾ,peɾsiɡ,amos,peɾseɡ,imos
peɾseɡˈiɾ,peɾsiɡ,amos,peɾseɡ,imos
peɾseɡˈiɾ,peɾsiɡ,amos,peɾseɡ,imos
peɾseɡˈiɾ,peɾsiɡ,amos,peɾseɡ,imos
peɾseɡˈiɾ,peɾsiɡ,amos,peɾseɡ,imos
peɾseɡˈiɾ,peɾsiɡ,amos,peɾseɡ,imos
peɾseɡˈiɾ,peɾsiɡ,amos,peɾseɡ,imos
peɾseɡˈiɾ,peɾsiɡ,amos,peɾseɡ,imos
peɾseɡˈiɾ,peɾsiɡ,amos,peɾseɡ,imos
peɾseɡˈiɾ,peɾsiɡ,amos,peɾseɡ,imos
peɾseɡˈiɾ,peɾsiɡ,amos,peɾseɡ,imos
peɾseɡˈiɾ,peɾsiɡn,amos,peɾseɡ,imos
peɾseɡˈiɾ,peɾsiɡ,amos,peɾseɡ,imos
peɾseɡˈiɾ,peɾsiɡ,amos,peɾseɡ,imos
peɾseɡˈiɾ,peɾsiɡ,amos,peɾseɡ,imos
peɾseɡˈiɾ,peɾsiɡ,amos,peɾseɡ,imos
peɾseɡˈiɾ,peɾsiɡ,amos,peɾseɡ,imos
peɾseɡˈiɾ,peɾsiɡ,amos,peɾseɡ,imos
peɾseɡˈiɾ,peɾsiɡ,amos,peɾseɡ,imos
peɾseɡˈiɾ,peɾsiɡ,amos,peɾseɡ,imos
peɾseɡˈiɾ,peɾsiɡ,amos,peɾseɡ,imos
peɾseɡˈiɾ,peɾsiɡ,amos,peɾseɡ,imos
peɾseɡˈiɾ,peɾsiɡ,amos,peɾseɡ,imos
peɾseɡˈiɾ,peɾsiɡ,amos,peɾseɡ,imos
peɾseɡˈiɾ,peɾsiɡ,amos,peɾseɡ,imos
peɾseɡˈiɾ,peɾsiɡ,amos,peɾseɡ,imos
peɾseɡˈiɾ,peɾsiɡ,amos,peɾseɡ,imos
peɾseɡˈiɾ,peɾsiɡ,amos,peɾseɡ,imos
peɾseɡˈiɾ,peɾsiɡ,amos,peɾseɡ,imos
peɾseɡˈiɾ,peɾsiɡ,amos,peɾseɡ,imos
peɾseɡˈiɾ,peɾsiɡ,amos,peɾseɡ,imos
peɾseɡˈiɾ,peɾsiɡ,amos,peɾseɡ,imos
peɾseɡˈiɾ,peɾsiɡ,amos,peɾseɡ,imos
peɾseɡˈiɾ,peɾsiɡ,amos,peɾseɡ,imos
peɾseɡˈiɾ,peɾsiɡ,amos,peɾseɡ,imos
peɾseɡˈiɾ,peɾseɡ,is,peɾseɡ,is
peɾseɡˈiɾ,peɾseɡim,ajs,peɾseɡ,is
peɾseɡˈiɾ,peɾseɡ,is,peɾseɡ,is
peɾseɡˈiɾ,peɾseɡ,is,peɾseɡ,is
peɾseɡˈiɾ,peɾseɡ,is,peɾseɡ,is
peɾseɡˈiɾ,peɾseɡ,is,peɾseɡ,is
peɾseɡˈiɾ,peɾseɡ,is,peɾseɡ,is
peɾseɡˈiɾ,peɾseɡim,ajs,peɾseɡ,is
peɾseɡˈiɾ,peɾseɡ,is,peɾseɡ,is
peɾseɡˈiɾ,peɾseɡ,is,peɾseɡ,is
peɾseɡˈiɾ,peɾsiɡ,ajs,peɾseɡ,is
peɾseɡˈiɾ,peɾsiɡ,ajs,peɾseɡ,is
peɾseɡˈiɾ,peɾsiɡ,ajs,peɾseɡ,is
peɾseɡˈiɾ,peɾsiɡ,ajs,peɾseɡ,is
peɾseɡˈiɾ,peɾsiɡ,ajs,peɾseɡ,is
peɾseɡˈiɾ,peɾsiɡ,ajs,peɾseɡ,is
peɾseɡˈiɾ,peɾsiɡ,ajs,peɾseɡ,is
peɾseɡˈiɾ,peɾsiɡ,ajs,peɾseɡ,is
peɾseɡˈiɾ,peɾsiɡ,ajs,peɾseɡ,is
peɾseɡˈiɾ,peɾsiɡ,ajs,peɾseɡ,is
peɾseɡˈiɾ,peɾsiɡ,ajs,peɾseɡ,is
peɾseɡˈiɾ,peɾsiɡ,ajs,peɾseɡ,is
peɾseɡˈiɾ,peɾsiɡ,ajs,peɾseɡ,is
peɾseɡˈiɾ,peɾsiɡ,ajs,peɾseɡ,is
peɾseɡˈiɾ,peɾsiɡ,ajs,peɾseɡ,is
peɾseɡˈiɾ,peɾsiɡ,ajs,peɾseɡ,is
peɾseɡˈiɾ,peɾsiɡ,ajs,peɾseɡ,is
peɾseɡˈiɾ,peɾsiɡ,ajs,peɾseɡ,is
peɾseɡˈiɾ,peɾsiɡ,ajs,peɾseɡ,is
peɾseɡˈiɾ,peɾsiɡ,ajs,peɾseɡ,is
peɾseɡˈiɾ,peɾsiɡ,ajs,peɾseɡ,is
peɾseɡˈiɾ,peɾsiɡn,ajs,peɾseɡ,is
peɾseɡˈiɾ,peɾsiɡ,ajs,peɾseɡ,is
peɾseɡˈiɾ,peɾsiɡ,ajs,peɾseɡ,is
peɾseɡˈiɾ,peɾsiɡ,ajs,peɾseɡ,is
peɾseɡˈiɾ,peɾsiɡ,ajs,peɾseɡ,is
peɾseɡˈiɾ,peɾsiɡ,ajs,peɾseɡ,is
peɾseɡˈiɾ,peɾsiɡ,ajs,peɾseɡ,is
peɾseɡˈiɾ,peɾsiɡ,ajs,peɾseɡ,is
peɾseɡˈiɾ,peɾsiɡ,ajs,peɾseɡ,is
peɾseɡˈiɾ,peɾsiɡ,ajs,peɾseɡ,is
peɾseɡˈiɾ,peɾsiɡ,ajs,peɾseɡ,is
peɾseɡˈiɾ,peɾsiɡ,ajs,peɾseɡ,is
peɾseɡˈiɾ,peɾsiɡ,ajs,peɾseɡ,is
peɾseɡˈiɾ,peɾsiɡ,ajs,peɾseɡ,is
peɾseɡˈiɾ,peɾsiɡ,ajs,peɾseɡ,is
peɾseɡˈiɾ,peɾsiɡ,ajs,peɾseɡ,is
peɾseɡˈiɾ,peɾsiɡ,ajs,peɾseɡ,is
peɾseɡˈiɾ,peɾsiɡ,ajs,peɾseɡ,is
peɾseɡˈiɾ,peɾsiɡ,ajs,peɾseɡ,is
peɾseɡˈiɾ,peɾsiɡ,ajs,peɾseɡ,is
peɾseɡˈiɾ,peɾsiɡ,ajs,peɾseɡ,is
peɾseɡˈiɾ,peɾsiɡ,ajs,peɾseɡ,is
peɾseɡˈiɾ,peɾsiɡ,ajs,peɾseɡ,is
peɾseɡˈiɾ,peɾsiɡ,ajs,peɾseɡ,is
peɾseɡˈiɾ,peɾseɡis,ajs,peɾsiɡ,ajs
peɾseɡˈiɾ,peɾseɡim,ejs,peɾsiɡ,ajs
peɾseɡˈiɾ,peɾseɡ,imos,peɾsiɡ,ajs
peɾseɡˈiɾ,peɾseɡ,imos,peɾsiɡ,ajs
peɾseɡˈiɾ,peɾseɡ,imos,peɾsiɡ,ajs
peɾseɡˈiɾ,peɾseɡ,imos,peɾsiɡ,ajs
peɾseɡˈiɾ,,,peɾsiɡ,ajs
peɾseɡˈiɾ,peɾseɡ,imos,peɾsiɡ,ajs
peɾseɡˈiɾ,peɾseɡ,imos,peɾsiɡ,ajs
peɾseɡˈiɾ,peɾseɡ,imos,peɾsiɡ,ajs
peɾseɡˈiɾ,peɾseɡ,is,peɾsiɡ,ajs
peɾseɡˈiɾ,peɾseɡ,is,peɾsiɡ,ajs
peɾseɡˈiɾ,peɾseɡ,is,peɾsiɡ,ajs
peɾseɡˈiɾ,peɾseɡ,is,peɾsiɡ,ajs
peɾseɡˈiɾ,peɾseɡ,is,peɾsiɡ,ajs
peɾseɡˈiɾ,peɾseɡ,is,peɾsiɡ,ajs
peɾseɡˈiɾ,peɾseɡ,is,peɾsiɡ,ajs
peɾseɡˈiɾ,peɾseɡ,is,peɾsiɡ,ajs
peɾseɡˈiɾ,peɾseɡ,is,peɾsiɡ,ajs
peɾseɡˈiɾ,peɾsiɡ,ejs,peɾsiɡ,ajs
peɾseɡˈiɾ,peɾsiɡ,ejs,peɾsiɡ,ajs
peɾseɡˈiɾ,peɾsiɡ,ejs,peɾsiɡ,ajs
peɾseɡˈiɾ,peɾsiɡ,ejs,peɾsiɡ,ajs
peɾseɡˈiɾ,peɾsiɡ,ejs,peɾsiɡ,ajs
peɾseɡˈiɾ,peɾsiɡ,ejs,peɾsiɡ,ajs
peɾseɡˈiɾ,peɾsiɡ,ejs,peɾsiɡ,ajs
peɾseɡˈiɾ,peɾsiɡ,ejs,peɾsiɡ,ajs
peɾseɡˈiɾ,peɾsiɡ,ejs,peɾsiɡ,ajs
peɾseɡˈiɾ,peɾsiɡ,ejs,peɾsiɡ,ajs
peɾseɡˈiɾ,peɾsiɡ,ejs,peɾsiɡ,ajs
peɾseɡˈiɾ,peɾsiɡ,ejs,peɾsiɡ,ajs
peɾseɡˈiɾ,peɾsiɡn,ejs,peɾsiɡ,ajs
peɾseɡˈiɾ,peɾsiɡ,ejs,peɾsiɡ,ajs
peɾseɡˈiɾ,peɾsiɡ,ejs,peɾsiɡ,ajs
peɾseɡˈiɾ,peɾsiɡ,ejs,peɾsiɡ,ajs
peɾseɡˈiɾ,peɾsiɡ,ejs,peɾsiɡ,ajs
peɾseɡˈiɾ,peɾsiɡ,es,peɾsiɡ,ajs
peɾseɡˈiɾ,peɾsiɡ,ejs,peɾsiɡ,ajs
peɾseɡˈiɾ,peɾsiɡ,ejs,peɾsiɡ,ajs
peɾseɡˈiɾ,peɾsiɡ,ejs,peɾsiɡ,ajs
peɾseɡˈiɾ,peɾsiɡ,ejs,peɾsiɡ,ajs
peɾseɡˈiɾ,peɾsiɡ,ejs,peɾsiɡ,ajs
peɾseɡˈiɾ,peɾsiɡ,ejs,peɾsiɡ,ajs
peɾseɡˈiɾ,peɾsiɡ,ejs,peɾsiɡ,ajs
peɾseɡˈiɾ,peɾsiɡ,ejs,peɾsiɡ,ajs
peɾseɡˈiɾ,peɾsiɡ,ejs,peɾsiɡ,ajs
peɾseɡˈiɾ,peɾsiɡ,ejs,peɾsiɡ,ajs
peɾseɡˈiɾ,peɾsiɡ,ejs,peɾsiɡ,ajs
peɾseɡˈiɾ,peɾsiɡ,ejs,peɾsiɡ,ajs
peɾseɡˈiɾ,peɾsiɡ,ejs,peɾsiɡ,ajs
peɾseɡˈiɾ,peɾsiɡ,ejs,peɾsiɡ,ajs
peɾseɡˈiɾ,peɾsiɡ,ejs,peɾsiɡ,ajs
peɾseɡˈiɾ,peɾsiɡ,ejs,peɾsiɡ,ajs
peɾseɡˈiɾ,peɾsiɡ,ejs,peɾsiɡ,ajs
peɾseɡˈiɾ,peɾsiɡ,ejs,peɾsiɡ,ajs
peɾseɡˈiɾ,peɾseɡ,imos,peɾsiɡ,amos
peɾseɡˈiɾ,peɾseɡ,imos,peɾsiɡ,amos
peɾseɡˈiɾ,peɾseɡ,imos,peɾsiɡ,amos
peɾseɡˈiɾ,peɾseɡ,imos,peɾsiɡ,amos
peɾseɡˈiɾ,peɾseɡ,imos,peɾsiɡ,amos
peɾseɡˈiɾ,peɾseɡ,imos,peɾsiɡ,amos
peɾseɡˈiɾ,peɾseɡ,imos,peɾsiɡ,amos
peɾseɡˈiɾ,peɾseɡ,imos,peɾsiɡ,amos
peɾseɡˈiɾ,peɾseɡ,imos,peɾsiɡ,amos
peɾseɡˈiɾ,peɾseɡ,imos,peɾsiɡ,amos
peɾseɡˈiɾ,peɾseɡ,emos,peɾsiɡ,amos
peɾseɡˈiɾ,peɾseɡ,emos,peɾsiɡ,amos
peɾseɡˈiɾ,peɾseɡ,emos,peɾsiɡ,amos
peɾseɡˈiɾ,peɾseɡ,emos,peɾsiɡ,amos
peɾseɡˈiɾ,peɾseɡ,emos,peɾsiɡ,amos
peɾseɡˈiɾ,peɾseɡ,emos,peɾsiɡ,amos
peɾseɡˈiɾ,peɾseɡ,imos,peɾsiɡ,amos
peɾseɡˈiɾ,peɾseɡ,emos,peɾsiɡ,amos
peɾseɡˈiɾ,peɾseɡ,imos,peɾsiɡ,amos
peɾseɡˈiɾ,peɾsiɡ,emos,peɾsiɡ,amos
peɾseɡˈiɾ,peɾsiɡ,emos,peɾsiɡ,amos
peɾseɡˈiɾ,peɾsiɡ,emos,peɾsiɡ,amos
peɾseɡˈiɾ,peɾsiɡ,emos,peɾsiɡ,amos
peɾseɡˈiɾ,peɾsiɡ,emos,peɾsiɡ,amos
peɾseɡˈiɾ,peɾsiɡ,emos,peɾsiɡ,amos
peɾseɡˈiɾ,peɾsiɡ,emos,peɾsiɡ,amos
peɾseɡˈiɾ,peɾsiɡ,as,peɾsiɡ,amos
peɾseɡˈiɾ,peɾsiɡ,emos,peɾsiɡ,amos
peɾseɡˈiɾ,peɾsiɡ,emos,peɾsiɡ,amos
peɾseɡˈiɾ,peɾsiɡ,emos,peɾsiɡ,amos
peɾseɡˈiɾ,peɾsiɡ,emos,peɾsiɡ,amos
peɾseɡˈiɾ,peɾsiɡn,emos,peɾsiɡ,amos
peɾseɡˈiɾ,peɾsiɡ,emos,peɾsiɡ,amos
peɾseɡˈiɾ,peɾsiɡ,emos,peɾsiɡ,amos
peɾseɡˈiɾ,peɾsiɡ,emos,peɾsiɡ,amos
peɾseɡˈiɾ,peɾsiɡ,emos,peɾsiɡ,amos
peɾseɡˈiɾ,peɾsiɡ,emos,peɾsiɡ,amos
peɾseɡˈiɾ,peɾsiɡ,emos,peɾsiɡ,amos
peɾseɡˈiɾ,peɾsiɡ,emos,peɾsiɡ,amos
peɾseɡˈiɾ,peɾsiɡ,emos,peɾsiɡ,amos
peɾseɡˈiɾ,peɾsiɡ,emos,peɾsiɡ,amos
peɾseɡˈiɾ,peɾsiɡ,emos,peɾsiɡ,amos
peɾseɡˈiɾ,peɾsiɡ,emos,peɾsiɡ,amos
peɾseɡˈiɾ,peɾsiɡ,emos,peɾsiɡ,amos
peɾseɡˈiɾ,peɾsiɡ,emos,peɾsiɡ,amos
peɾseɡˈiɾ,peɾsiɡ,emos,peɾsiɡ,amos
peɾseɡˈiɾ,peɾsiɡ,emos,peɾsiɡ,amos
peɾseɡˈiɾ,peɾsiɡ,emos,peɾsiɡ,amos
peɾseɡˈiɾ,peɾsiɡ,emos,peɾsiɡ,amos
peɾseɡˈiɾ,peɾsiɡ,emos,peɾsiɡ,amos
peɾseɡˈiɾ,peɾsiɡ,emos,peɾsiɡ,amos
peɾseɡˈiɾ,peɾsiɡ,emos,peɾsiɡ,amos
peɾseɡˈiɾ,peɾsiɡ,emos,peɾsiɡ,amos
peɾseɡˈiɾ,peɾsiɡ,emos,peɾsiɡ,amos
peɾseɡˈiɾ,peɾsiɡ,emos,peɾsiɡ,amos
peɾseɡˈiɾ,peɾseɡis,en,peɾsiɡ,an
peɾseɡˈiɾ,peɾseɡim,en,peɾsiɡ,an
peɾseɡˈiɾ,peɾseɡim,en,peɾsiɡ,an
peɾseɡˈiɾ,peɾseɡim,en,peɾsiɡ,an
peɾseɡˈiɾ,peɾseɡim,en,peɾsiɡ,an
peɾseɡˈiɾ,peɾseɡ,en,peɾsiɡ,an
peɾseɡˈiɾ,peɾseɡ,en,peɾsiɡ,an
peɾseɡˈiɾ,peɾseɡ,an,peɾsiɡ,an
peɾseɡˈiɾ,peɾseɡim,en,peɾsiɡ,an
peɾseɡˈiɾ,peɾseɡ,an,peɾsiɡ,an
peɾseɡˈiɾ,peɾseɡis,en,peɾsiɡ,an
peɾseɡˈiɾ,peɾseɡis,en,peɾsiɡ,an
peɾseɡˈiɾ,peɾsiɡ,en,peɾsiɡ,an
peɾseɡˈiɾ,peɾsiɡ,en,peɾsiɡ,an
peɾseɡˈiɾ,peɾsiɡ,en,peɾsiɡ,an
peɾseɡˈiɾ,peɾsiɡ,en,peɾsiɡ,an
peɾseɡˈiɾ,peɾseɡis,en,peɾsiɡ,an
peɾseɡˈiɾ,peɾseɡ,en,peɾsiɡ,an
peɾseɡˈiɾ,peɾseɡ,an,peɾsiɡ,an
peɾseɡˈiɾ,peɾsiɡ,en,peɾsiɡ,an
peɾseɡˈiɾ,peɾsiɡ,en,peɾsiɡ,an
peɾseɡˈiɾ,peɾsiɡ,en,peɾsiɡ,an
peɾseɡˈiɾ,peɾsiɡ,en,peɾsiɡ,an
peɾseɡˈiɾ,peɾsiɡ,en,peɾsiɡ,an
peɾseɡˈiɾ,peɾsiɡ,an,peɾsiɡ,an
peɾseɡˈiɾ,peɾsiɡ,en,peɾsiɡ,an
peɾseɡˈiɾ,peɾsiɡ,an,peɾsiɡ,an
peɾseɡˈiɾ,peɾsiɡ,en,peɾsiɡ,an
peɾseɡˈiɾ,peɾsiɡ,en,peɾsiɡ,an
peɾseɡˈiɾ,peɾsiɡ,en,peɾsiɡ,an
peɾseɡˈiɾ,peɾsiɡ,en,peɾsiɡ,an
peɾseɡˈiɾ,peɾsiɡ,an,peɾsiɡ,an
peɾseɡˈiɾ,peɾsiɡ,en,peɾsiɡ,an
peɾseɡˈiɾ,peɾsiɡ,an,peɾsiɡ,an
peɾseɡˈiɾ,peɾsiɡ,en,peɾsiɡ,an
peɾseɡˈiɾ,peɾsiɡ,en,peɾsiɡ,an
peɾseɡˈiɾ,peɾsiɡ,en,peɾsiɡ,an
peɾseɡˈiɾ,peɾsiɡ,an,peɾsiɡ,an
peɾseɡˈiɾ,peɾsiɡ,en,peɾsiɡ,an
peɾseɡˈiɾ,peɾsiɡ,an,peɾsiɡ,an
peɾseɡˈiɾ,peɾsiɡ,en,peɾsiɡ,an
peɾseɡˈiɾ,peɾsiɡ,en,peɾsiɡ,an
peɾseɡˈiɾ,peɾsiɡ,an,peɾsiɡ,an
peɾseɡˈiɾ,peɾsiɡ,en,peɾsiɡ,an
peɾseɡˈiɾ,peɾsiɡ,an,peɾsiɡ,an
peɾseɡˈiɾ,peɾsiɡ,en,peɾsiɡ,an
peɾseɡˈiɾ,peɾsiɡ,an,peɾsiɡ,an
peɾseɡˈiɾ,peɾsiɡ,en,peɾsiɡ,an
peɾseɡˈiɾ,peɾsiɡ,an,peɾsiɡ,an
peɾseɡˈiɾ,peɾsiɡ,an,peɾsiɡ,an
peɾseɡˈiɾ,peɾsiɡ,en,peɾsiɡ,an
peɾseɡˈiɾ,peɾsiɡ,an,peɾsiɡ,an
peɾseɡˈiɾ,peɾsiɡ,en,peɾsiɡ,an
peɾseɡˈiɾ,peɾsiɡ,an,peɾsiɡ,an
peɾseɡˈiɾ,peɾsiɡ,an,peɾsiɡ,an
peɾseɡˈiɾ,peɾseɡ,is,peɾsiɡ,as
peɾseɡˈiɾ,peɾsjiɡ,es,peɾsiɡ,as
peɾseɡˈiɾ,peɾseɡim,es,peɾsiɡ,as
peɾseɡˈiɾ,peɾseɡin,es,peɾsiɡ,as
peɾseɡˈiɾ,peɾseɡ,es,peɾsiɡ,as
peɾseɡˈiɾ,peɾseɡ,es,peɾsiɡ,as
peɾseɡˈiɾ,peɾseɡ,es,peɾsiɡ,as
peɾseɡˈiɾ,peɾseɡin,es,peɾsiɡ,as
peɾseɡˈiɾ,peɾseɡ,as,peɾsiɡ,as
peɾseɡˈiɾ,peɾseɡ,a,peɾsiɡ,as
peɾseɡˈiɾ,peɾseɡis,es,peɾsiɡ,as
peɾseɡˈiɾ,peɾseɡ,emos,peɾsiɡ,as
peɾseɡˈiɾ,peɾseɡis,es,peɾsiɡ,as
peɾseɡˈiɾ,peɾsiɡ,es,peɾsiɡ,as
peɾseɡˈiɾ,peɾseɡ,es,peɾsiɡ,as
peɾseɡˈiɾ,peɾseɡis,es,peɾsiɡ,as
peɾseɡˈiɾ,peɾseɡis,es,peɾsiɡ,as
peɾseɡˈiɾ,peɾseɡ,as,peɾsiɡ,as
peɾseɡˈiɾ,peɾseɡ,a,peɾsiɡ,as
peɾseɡˈiɾ,peɾsiɡ,emos,peɾsiɡ,as
peɾseɡˈiɾ,peɾsiɡ,es,peɾsiɡ,as
peɾseɡˈiɾ,peɾsiɡ,es,peɾsiɡ,as
peɾseɡˈiɾ,peɾsiɡ,es,peɾsiɡ,as
peɾseɡˈiɾ,peɾsiɡ,es,peɾsiɡ,as
peɾseɡˈiɾ,peɾsiɡ,es,peɾsiɡ,as
peɾseɡˈiɾ,peɾsiɡ,as,peɾsiɡ,as
peɾseɡˈiɾ,peɾsiɡ,a,peɾsiɡ,as
peɾseɡˈiɾ,peɾsiɡ,es,peɾsiɡ,as
peɾseɡˈiɾ,peɾsiɡ,es,peɾsiɡ,as
peɾseɡˈiɾ,peɾsiɡ,es,peɾsiɡ,as
peɾseɡˈiɾ,peɾsiɡ,es,peɾsiɡ,as
peɾseɡˈiɾ,peɾsiɡ,as,peɾsiɡ,as
peɾseɡˈiɾ,peɾsiɡ,as,peɾsiɡ,as
peɾseɡˈiɾ,peɾsiɡ,as,peɾsiɡ,as
peɾseɡˈiɾ,peɾsiɡ,es,peɾsiɡ,as
peɾseɡˈiɾ,peɾsiɡ,es,peɾsiɡ,as
peɾseɡˈiɾ,peɾsiɡ,es,peɾsiɡ,as
peɾseɡˈiɾ,peɾsiɡn,es,peɾsiɡ,as
peɾseɡˈiɾ,peɾsiɡ,as,peɾsiɡ,as
peɾseɡˈiɾ,peɾsiɡ,a,peɾsiɡ,as
peɾseɡˈiɾ,peɾsiɡ,es,peɾsiɡ,as
peɾseɡˈiɾ,peɾsiɡ,es,peɾsiɡ,as
peɾseɡˈiɾ,peɾsiɡ,as,peɾsiɡ,as
peɾseɡˈiɾ,peɾsiɡ,as,peɾsiɡ,as
peɾseɡˈiɾ,peɾsiɡ,a,peɾsiɡ,as
peɾseɡˈiɾ,peɾsiɡ,es,peɾsiɡ,as
peɾseɡˈiɾ,peɾsiɡ,as,peɾsiɡ,as
peɾseɡˈiɾ,peɾsiɡ,as,peɾsiɡ,as
peɾseɡˈiɾ,peɾsiɡ,a,peɾsiɡ,as
peɾseɡˈiɾ,peɾsiɡ,as,peɾsiɡ,as
peɾseɡˈiɾ,peɾsiɡ,as,peɾsiɡ,as
peɾseɡˈiɾ,peɾsiɡ,a,peɾsiɡ,as
peɾseɡˈiɾ,peɾsiɡ,as,peɾsiɡ,as
peɾseɡˈiɾ,peɾsiɡ,a,peɾsiɡ,as
peɾseɡˈiɾ,peɾsiɡ,a,peɾsiɡ,as
peɾseɡˈiɾ,peɾseɡ,is,peɾsiɡ,a
peɾseɡˈiɾ,peɾseɡim,e,peɾsiɡ,a
peɾseɡˈiɾ,peɾseɡim,e,peɾsiɡ,a
peɾseɡˈiɾ,peɾseɡ,e,peɾsiɡ,a
peɾseɡˈiɾ,peɾseɡ,e,peɾsiɡ,a
peɾseɡˈiɾ,peɾseɡ,e,peɾsiɡ,a
peɾseɡˈiɾ,peɾseɡ,e,peɾsiɡ,a
peɾseɡˈiɾ,peɾseɡim,e,peɾsiɡ,a
peɾseɡˈiɾ,peɾseɡ,a,peɾsiɡ,a
peɾseɡˈiɾ,peɾseɡ,a,peɾsiɡ,a
peɾseɡˈiɾ,peɾsjiɡ,e,peɾsiɡ,a
peɾseɡˈiɾ,peɾseɡis,e,peɾsiɡ,a
peɾseɡˈiɾ,peɾseɡ,e,peɾsiɡ,a
peɾseɡˈiɾ,peɾseɡ,e,peɾsiɡ,a
peɾseɡˈiɾ,peɾseɡ,e,peɾsiɡ,a
peɾseɡˈiɾ,peɾseɡ,e,peɾsiɡ,a
peɾseɡˈiɾ,peɾseɡ,a,peɾsiɡ,a
peɾseɡˈiɾ,peɾseɡ,a,peɾsiɡ,a
peɾseɡˈiɾ,peɾseɡis,a,peɾsiɡ,a
peɾseɡˈiɾ,peɾsiɡ,e,peɾsiɡ,a
peɾseɡˈiɾ,peɾsiɡ,e,peɾsiɡ,a
peɾseɡˈiɾ,peɾsiɡ,e,peɾsiɡ,a
peɾseɡˈiɾ,peɾsiɡ,e,peɾsiɡ,a
peɾseɡˈiɾ,peɾsiɡ,e,peɾsiɡ,a
peɾseɡˈiɾ,peɾsiɡ,e,peɾsiɡ,a
peɾseɡˈiɾ,peɾsiɡ,e,peɾsiɡ,a
peɾseɡˈiɾ,peɾsiɡ,a,peɾsiɡ,a
peɾseɡˈiɾ,peɾsiɡ,e,peɾsiɡ,a
peɾseɡˈiɾ,peɾsiɡ,e,peɾsiɡ,a
peɾseɡˈiɾ,peɾsiɡ,e,peɾsiɡ,a
peɾseɡˈiɾ,peɾsiɡ,e,peɾsiɡ,a
peɾseɡˈiɾ,peɾsiɡ,e,peɾsiɡ,a
peɾseɡˈiɾ,peɾsiɡ,e,peɾsiɡ,a
peɾseɡˈiɾ,peɾsiɡ,a,peɾsiɡ,a
peɾseɡˈiɾ,peɾsiɡ,e,peɾsiɡ,a
peɾseɡˈiɾ,peɾsiɡ,e,peɾsiɡ,a
peɾseɡˈiɾ,peɾsiɡ,e,peɾsiɡ,a
peɾseɡˈiɾ,peɾsiɡ,e,peɾsiɡ,a
peɾseɡˈiɾ,peɾsiɡ,e,peɾsiɡ,a
peɾseɡˈiɾ,peɾsiɡ,a,peɾsiɡ,a
peɾseɡˈiɾ,peɾsiɡ,e,peɾsiɡ,a
peɾseɡˈiɾ,peɾsiɡ,e,peɾsiɡ,a
peɾseɡˈiɾ,peɾsiɡ,e,peɾsiɡ,a
peɾseɡˈiɾ,peɾsiɡ,e,peɾsiɡ,a
peɾseɡˈiɾ,peɾsiɡ,a,peɾsiɡ,a
peɾseɡˈiɾ,peɾsiɡ,e,peɾsiɡ,a
peɾseɡˈiɾ,peɾsiɡ,a,peɾsiɡ,a
peɾseɡˈiɾ,peɾsiɡ,e,peɾsiɡ,a
peɾseɡˈiɾ,peɾsiɡ,a,peɾsiɡ,a
peɾseɡˈiɾ,peɾsiɡ,a,peɾsiɡ,a
peɾseɡˈiɾ,peɾsiɡ,a,peɾsiɡ,a
peɾseɡˈiɾ,peɾsiɡ,a,peɾsiɡ,a
peɾseɡˈiɾ,peɾsiɡ,a,peɾsiɡ,a
peɾseɡˈiɾ,peɾsiɡ,a,peɾsiɡ,a
peɾseɡˈiɾ,peɾsiɡ,a,peɾsiɡ,a
peɾseɡˈiɾ,peɾseɡis,e,peɾsiɡ,a
peɾseɡˈiɾ,peɾseɡim,e,peɾsiɡ,a
peɾseɡˈiɾ,peɾseɡim,e,peɾsiɡ,a
peɾseɡˈiɾ,peɾseɡin,e,peɾsiɡ,a
peɾseɡˈiɾ,peɾseɡ,e,peɾsiɡ,a
peɾseɡˈiɾ,peɾseɡ,e,peɾsiɡ,a
peɾseɡˈiɾ,peɾseɡ,e,peɾsiɡ,a
peɾseɡˈiɾ,peɾseɡim,e,peɾsiɡ,a
peɾseɡˈiɾ,peɾseɡ,a,peɾsiɡ,a
peɾseɡˈiɾ,peɾseɡ,a,peɾsiɡ,a
peɾseɡˈiɾ,peɾsjiɡ,e,peɾsiɡ,a
peɾseɡˈiɾ,peɾseɡis,e,peɾsiɡ,a
peɾseɡˈiɾ,peɾseɡ,e,peɾsiɡ,a
peɾseɡˈiɾ,peɾseɡ,e,peɾsiɡ,a
peɾseɡˈiɾ,peɾseɡ,e,peɾsiɡ,a
peɾseɡˈiɾ,peɾseɡ,e,peɾsiɡ,a
peɾseɡˈiɾ,peɾseɡ,a,peɾsiɡ,a
peɾseɡˈiɾ,peɾseɡ,a,peɾsiɡ,a
peɾseɡˈiɾ,peɾseɡis,a,peɾsiɡ,a
peɾseɡˈiɾ,peɾsiɡ,e,peɾsiɡ,a
peɾseɡˈiɾ,peɾsiɡ,e,peɾsiɡ,a
peɾseɡˈiɾ,peɾsiɡ,e,peɾsiɡ,a
peɾseɡˈiɾ,peɾsiɡ,e,peɾsiɡ,a
peɾseɡˈiɾ,peɾsiɡ,e,peɾsiɡ,a
peɾseɡˈiɾ,peɾsiɡ,e,peɾsiɡ,a
peɾseɡˈiɾ,peɾsiɡ,e,peɾsiɡ,a
peɾseɡˈiɾ,peɾsiɡ,a,peɾsiɡ,a
peɾseɡˈiɾ,peɾsiɡ,e,peɾsiɡ,a
peɾseɡˈiɾ,peɾsiɡ,e,peɾsiɡ,a
peɾseɡˈiɾ,peɾsiɡ,e,peɾsiɡ,a
peɾseɡˈiɾ,peɾsiɡ,e,peɾsiɡ,a
peɾseɡˈiɾ,peɾsiɡ,e,peɾsiɡ,a
peɾseɡˈiɾ,peɾsiɡ,e,peɾsiɡ,a
peɾseɡˈiɾ,peɾsiɡ,a,peɾsiɡ,a
peɾseɡˈiɾ,peɾsiɡ,e,peɾsiɡ,a
peɾseɡˈiɾ,peɾsiɡ,e,peɾsiɡ,a
peɾseɡˈiɾ,peɾsiɡ,e,peɾsiɡ,a
peɾseɡˈiɾ,peɾsiɡ,e,peɾsiɡ,a
peɾseɡˈiɾ,peɾsiɡ,e,peɾsiɡ,a
peɾseɡˈiɾ,peɾsiɡ,a,peɾsiɡ,a
peɾseɡˈiɾ,peɾsiɡ,e,peɾsiɡ,a
peɾseɡˈiɾ,peɾsiɡ,e,peɾsiɡ,a
peɾseɡˈiɾ,peɾsiɡ,e,peɾsiɡ,a
peɾseɡˈiɾ,peɾsiɡ,e,peɾsiɡ,a
peɾseɡˈiɾ,peɾsiɡ,a,peɾsiɡ,a
peɾseɡˈiɾ,peɾsiɡ,e,peɾsiɡ,a
peɾseɡˈiɾ,peɾsiɡ,e,peɾsiɡ,a
peɾseɡˈiɾ,peɾsiɡ,e,peɾsiɡ,a
peɾseɡˈiɾ,peɾsiɡ,a,peɾsiɡ,a
peɾseɡˈiɾ,peɾsiɡ,a,peɾsiɡ,a
peɾseɡˈiɾ,peɾsiɡ,a,peɾsiɡ,a
peɾseɡˈiɾ,peɾsiɡ,a,peɾsiɡ,a
peɾseɡˈiɾ,peɾsiɡ,e,peɾsiɡ,a
peɾseɡˈiɾ,peɾsiɡ,a,peɾsiɡ,a
peɾseɡˈiɾ,peɾsiɡ,a,peɾsiɡ,a
peɾseɡˈiɾ,peɾseɡ,imos,peɾsiɡ,o
peɾseɡˈiɾ,peɾseɡ,imos,peɾsiɡ,o
peɾseɡˈiɾ,peɾseɡ,imos,peɾsiɡ,o
peɾseɡˈiɾ,peɾseɡ,o,peɾsiɡ,o
peɾseɡˈiɾ,peɾseɡ,o,peɾsiɡ,o
peɾseɡˈiɾ,peɾseɡ,o,peɾsiɡ,o
peɾseɡˈiɾ,peɾseɡ,o,peɾsiɡ,o
peɾseɡˈiɾ,peɾseɡ,o,peɾsiɡ,o
peɾseɡˈiɾ,peɾseɡ,imos,peɾsiɡ,o
peɾseɡˈiɾ,peɾseɡim,o,peɾsiɡ,o
peɾseɡˈiɾ,peɾseɡis,o,peɾsiɡ,o
peɾseɡˈiɾ,peɾseɡ,emos,peɾsiɡ,o
peɾseɡˈiɾ,peɾseɡis,o,peɾsiɡ,o
peɾseɡˈiɾ,peɾseɡis,o,peɾsiɡ,o
peɾseɡˈiɾ,peɾseɡis,o,peɾsiɡ,o
peɾseɡˈiɾ,peɾseɡis,o,peɾsiɡ,o
peɾseɡˈiɾ,peɾseɡis,o,peɾsiɡ,o
peɾseɡˈiɾ,peɾseɡis,o,peɾsiɡ,o
peɾseɡˈiɾ,peɾseɡis,o,peɾsiɡ,o
peɾseɡˈiɾ,peɾsiɡ,emos,peɾsiɡ,o
peɾseɡˈiɾ,peɾsiɡ,o,peɾsiɡ,o
peɾseɡˈiɾ,peɾsiɡ,o,peɾsiɡ,o
peɾseɡˈiɾ,peɾsiɡ,o,peɾsiɡ,o
peɾseɡˈiɾ,peɾsiɡ,o,peɾsiɡ,o
peɾseɡˈiɾ,peɾsiɡ,o,peɾsiɡ,o
peɾseɡˈiɾ,peɾsiɡ,o,peɾsiɡ,o
peɾseɡˈiɾ,peɾsiɡ,o,peɾsiɡ,o
peɾseɡˈiɾ,peɾsiɡ,o,peɾsiɡ,o
peɾseɡˈiɾ,peɾsiɡ,o,peɾsiɡ,o
peɾseɡˈiɾ,peɾsiɡ,o,peɾsiɡ,o
peɾseɡˈiɾ,peɾsiɡ,o,peɾsiɡ,o
peɾseɡˈiɾ,peɾsiɡ,o,peɾsiɡ,o
peɾseɡˈiɾ,peɾsiɡ,o,peɾsiɡ,o
peɾseɡˈiɾ,peɾsiɡ,o,peɾsiɡ,o
peɾseɡˈiɾ,peɾsiɡ,o,peɾsiɡ,o
peɾseɡˈiɾ,peɾsiɡ,o,peɾsiɡ,o
peɾseɡˈiɾ,peɾsiɡ,o,peɾsiɡ,o
peɾseɡˈiɾ,peɾsiɡ,o,peɾsiɡ,o
peɾseɡˈiɾ,peɾsiɡ,o,peɾsiɡ,o
peɾseɡˈiɾ,peɾsiɡ,o,peɾsiɡ,o
peɾseɡˈiɾ,peɾsiɡ,o,peɾsiɡ,o
peɾseɡˈiɾ,peɾsiɡ,o,peɾsiɡ,o
peɾseɡˈiɾ,peɾsiɡ,o,peɾsiɡ,o
peɾseɡˈiɾ,peɾsiɡ,o,peɾsiɡ,o
peɾseɡˈiɾ,peɾsiɡ,o,peɾsiɡ,o
peɾseɡˈiɾ,peɾsiɡ,o,peɾsiɡ,o
peɾseɡˈiɾ,peɾsiɡ,o,peɾsiɡ,o
peɾseɡˈiɾ,peɾsiɡ,o,peɾsiɡ,o
peɾseɡˈiɾ,peɾsiɡ,o,peɾsiɡ,o
peɾseɡˈiɾ,peɾsiɡ,o,peɾsiɡ,o
peɾseɡˈiɾ,peɾsiɡ,o,peɾsiɡ,o
peɾseɡˈiɾ,peɾsiɡ,o,peɾsiɡ,o
peɾseɡˈiɾ,peɾsiɡ,o,peɾsiɡ,o
peɾseɡˈiɾ,peɾsiɡ,o,peɾsiɡ,o
peɾseɡˈiɾ,peɾsiɡ,o,peɾsiɡ,o
peɾseɡˈiɾ,peɾseɡis,an,peɾsiɡ,en
peɾseɡˈiɾ,peɾsjiɡ,an,peɾsiɡ,en
peɾseɡˈiɾ,peɾseɡim,an,peɾsiɡ,en
peɾseɡˈiɾ,peɾseɡ,an,peɾsiɡ,en
peɾseɡˈiɾ,peɾseɡ,an,peɾsiɡ,en
peɾseɡˈiɾ,peɾseɡ,an,peɾsiɡ,en
peɾseɡˈiɾ,peɾseɡ,an,peɾsiɡ,en
peɾseɡˈiɾ,peɾseɡ,an,peɾsiɡ,en
peɾseɡˈiɾ,peɾseɡ,an,peɾsiɡ,en
peɾseɡˈiɾ,peɾseɡ,an,peɾsiɡ,en
peɾseɡˈiɾ,peɾsjiɡ,an,peɾsiɡ,en
peɾseɡˈiɾ,peɾseɡ,an,peɾsiɡ,en
peɾseɡˈiɾ,peɾsiɡ,an,peɾsiɡ,en
peɾseɡˈiɾ,peɾseɡis,an,peɾsiɡ,en
peɾseɡˈiɾ,peɾseɡis,an,peɾsiɡ,en
peɾseɡˈiɾ,peɾseɡ,an,peɾsiɡ,en
peɾseɡˈiɾ,peɾsiɡ,an,peɾsiɡ,en
peɾseɡˈiɾ,peɾseɡis,an,peɾsiɡ,en
peɾseɡˈiɾ,peɾseɡis,an,peɾsiɡ,en
peɾseɡˈiɾ,peɾsiɡ,emos,peɾsiɡ,en
peɾseɡˈiɾ,peɾsiɡ,an,peɾsiɡ,en
peɾseɡˈiɾ,peɾsiɡ,an,peɾsiɡ,en
peɾseɡˈiɾ,peɾsiɡ,an,peɾsiɡ,en
peɾseɡˈiɾ,peɾsiɡ,an,peɾsiɡ,en
peɾseɡˈiɾ,peɾsiɡ,an,peɾsiɡ,en
peɾseɡˈiɾ,peɾsiɡ,an,peɾsiɡ,en
peɾseɡˈiɾ,peɾsiɡ,an,peɾsiɡ,en
peɾseɡˈiɾ,peɾsiɡ,an,peɾsiɡ,en
peɾseɡˈiɾ,peɾsiɡ,an,peɾsiɡ,en
peɾseɡˈiɾ,peɾsiɡ,an,peɾsiɡ,en
peɾseɡˈiɾ,peɾsiɡ,an,peɾsiɡ,en
peɾseɡˈiɾ,peɾsiɡ,an,peɾsiɡ,en
peɾseɡˈiɾ,peɾsiɡ,an,peɾsiɡ,en
peɾseɡˈiɾ,peɾsiɡ,an,peɾsiɡ,en
peɾseɡˈiɾ,peɾsiɡ,an,peɾsiɡ,en
peɾseɡˈiɾ,peɾsiɡ,an,peɾsiɡ,en
peɾseɡˈiɾ,peɾsiɡ,an,peɾsiɡ,en
peɾseɡˈiɾ,peɾsiɡ,an,peɾsiɡ,en
peɾseɡˈiɾ,peɾsiɡ,an,peɾsiɡ,en
peɾseɡˈiɾ,peɾsiɡ,an,peɾsiɡ,en
peɾseɡˈiɾ,peɾsiɡ,an,peɾsiɡ,en
peɾseɡˈiɾ,peɾsiɡ,an,peɾsiɡ,en
peɾseɡˈiɾ,peɾsiɡ,an,peɾsiɡ,en
peɾseɡˈiɾ,peɾsiɡ,an,peɾsiɡ,en
peɾseɡˈiɾ,peɾsiɡ,an,peɾsiɡ,en
peɾseɡˈiɾ,peɾsiɡ,an,peɾsiɡ,en
peɾseɡˈiɾ,peɾsiɡ,an,peɾsiɡ,en
peɾseɡˈiɾ,peɾsiɡ,an,peɾsiɡ,en
peɾseɡˈiɾ,peɾsiɡ,an,peɾsiɡ,en
peɾseɡˈiɾ,peɾsiɡ,an,peɾsiɡ,en
peɾseɡˈiɾ,peɾsiɡ,an,peɾsiɡ,en
peɾseɡˈiɾ,peɾsiɡ,an,peɾsiɡ,en
peɾseɡˈiɾ,peɾsiɡ,an,peɾsiɡ,en
peɾseɡˈiɾ,peɾsiɡ,an,peɾsiɡ,en
peɾseɡˈiɾ,peɾsiɡ,an,peɾsiɡ,en
peɾseɡˈiɾ,peɾseɡ,is,peɾsiɡ,es
peɾseɡˈiɾ,peɾsjiɡ,as,peɾsiɡ,es
peɾseɡˈiɾ,peɾseɡim,as,peɾsiɡ,es
peɾseɡˈiɾ,peɾseɡ,as,peɾsiɡ,es
peɾseɡˈiɾ,peɾseɡ,as,peɾsiɡ,es
peɾseɡˈiɾ,peɾseɡ,as,peɾsiɡ,es
peɾseɡˈiɾ,peɾseɡ,as,peɾsiɡ,es
peɾseɡˈiɾ,peɾseɡ,as,peɾsiɡ,es
peɾseɡˈiɾ,peɾseɡ,as,peɾsiɡ,es
peɾseɡˈiɾ,peɾseɡ,as,peɾsiɡ,es
peɾseɡˈiɾ,peɾsjiɡ,as,peɾsiɡ,es
peɾseɡˈiɾ,peɾseɡ,as,peɾsiɡ,es
peɾseɡˈiɾ,peɾseɡis,as,peɾsiɡ,es
peɾseɡˈiɾ,peɾseɡ,as,peɾsiɡ,es
peɾseɡˈiɾ,peɾseɡ,as,peɾsiɡ,es
peɾseɡˈiɾ,peɾseɡ,as,peɾsiɡ,es
peɾseɡˈiɾ,peɾseɡ,as,peɾsiɡ,es
peɾseɡˈiɾ,peɾseɡis,as,peɾsiɡ,es
peɾseɡˈiɾ,peɾseɡis,as,peɾsiɡ,es
peɾseɡˈiɾ,peɾsiɡ,emos,peɾsiɡ,es
peɾseɡˈiɾ,peɾsiɡ,as,peɾsiɡ,es
peɾseɡˈiɾ,peɾsiɡ,as,peɾsiɡ,es
peɾseɡˈiɾ,peɾsiɡ,as,peɾsiɡ,es
peɾseɡˈiɾ,peɾsiɡ,as,peɾsiɡ,es
peɾseɡˈiɾ,peɾsiɡ,as,peɾsiɡ,es
peɾseɡˈiɾ,peɾsiɡ,as,peɾsiɡ,es
peɾseɡˈiɾ,peɾsiɡ,as,peɾsiɡ,es
peɾseɡˈiɾ,peɾsiɡ,as,peɾsiɡ,es
peɾseɡˈiɾ,peɾsiɡ,as,peɾsiɡ,es
peɾseɡˈiɾ,peɾsiɡ,as,peɾsiɡ,es
peɾseɡˈiɾ,peɾsiɡ,as,peɾsiɡ,es
peɾseɡˈiɾ,peɾsiɡ,as,peɾsiɡ,es
peɾseɡˈiɾ,peɾsiɡ,as,peɾsiɡ,es
peɾseɡˈiɾ,peɾsiɡ,as,peɾsiɡ,es
peɾseɡˈiɾ,peɾsiɡ,as,peɾsiɡ,es
peɾseɡˈiɾ,peɾsiɡ,as,peɾsiɡ,es
peɾseɡˈiɾ,peɾsiɡ,as,peɾsiɡ,es
peɾseɡˈiɾ,peɾsiɡ,as,peɾsiɡ,es
peɾseɡˈiɾ,peɾsiɡ,as,peɾsiɡ,es
peɾseɡˈiɾ,peɾsiɡ,as,peɾsiɡ,es
peɾseɡˈiɾ,peɾsiɡ,as,peɾsiɡ,es
peɾseɡˈiɾ,peɾsiɡ,as,peɾsiɡ,es
peɾseɡˈiɾ,peɾsiɡ,as,peɾsiɡ,es
peɾseɡˈiɾ,peɾsiɡ,as,peɾsiɡ,es
peɾseɡˈiɾ,peɾsiɡ,as,peɾsiɡ,es
peɾseɡˈiɾ,peɾsiɡ,as,peɾsiɡ,es
peɾseɡˈiɾ,peɾsiɡ,as,peɾsiɡ,es
peɾseɡˈiɾ,peɾsiɡ,as,peɾsiɡ,es
peɾseɡˈiɾ,peɾsiɡ,as,peɾsiɡ,es
peɾseɡˈiɾ,peɾsiɡ,as,peɾsiɡ,es
peɾseɡˈiɾ,peɾsiɡ,as,peɾsiɡ,es
peɾseɡˈiɾ,peɾsiɡ,as,peɾsiɡ,es
peɾseɡˈiɾ,peɾsiɡ,as,peɾsiɡ,es
peɾseɡˈiɾ,peɾsiɡ,as,peɾsiɡ,es
peɾseɡˈiɾ,peɾsiɡ,as,peɾsiɡ,es
peɾseɡˈiɾ,peɾseɡis,a,peɾsiɡ,e
peɾseɡˈiɾ,peɾseɡim,a,peɾsiɡ,e
peɾseɡˈiɾ,peɾseɡim,a,peɾsiɡ,e
peɾseɡˈiɾ,peɾseɡ,a,peɾsiɡ,e
peɾseɡˈiɾ,peɾseɡ,a,peɾsiɡ,e
peɾseɡˈiɾ,peɾseɡ,a,peɾsiɡ,e
peɾseɡˈiɾ,peɾseɡ,a,peɾsiɡ,e
peɾseɡˈiɾ,peɾseɡ,a,peɾsiɡ,e
peɾseɡˈiɾ,peɾseɡ,a,peɾsiɡ,e
peɾseɡˈiɾ,peɾseɡ,a,peɾsiɡ,e
peɾseɡˈiɾ,peɾsjiɡ,a,peɾsiɡ,e
peɾseɡˈiɾ,peɾseɡ,a,peɾsiɡ,e
peɾseɡˈiɾ,peɾseɡ,a,peɾsiɡ,e
peɾseɡˈiɾ,peɾseɡ,a,peɾsiɡ,e
peɾseɡˈiɾ,peɾseɡ,a,peɾsiɡ,e
peɾseɡˈiɾ,peɾseɡ,a,peɾsiɡ,e
peɾseɡˈiɾ,peɾseɡis,a,peɾsiɡ,e
peɾseɡˈiɾ,peɾseɡis,a,peɾsiɡ,e
peɾseɡˈiɾ,peɾseɡis,a,peɾsiɡ,e
peɾseɡˈiɾ,peɾsiɡ,a,peɾsiɡ,e
peɾseɡˈiɾ,peɾsiɡ,a,peɾsiɡ,e
peɾseɡˈiɾ,peɾsiɡ,a,peɾsiɡ,e
peɾseɡˈiɾ,peɾsiɡ,a,peɾsiɡ,e
peɾseɡˈiɾ,peɾsiɡ,a,peɾsiɡ,e
peɾseɡˈiɾ,peɾsiɡ,a,peɾsiɡ,e
peɾseɡˈiɾ,peɾsiɡ,a,peɾsiɡ,e
peɾseɡˈiɾ,peɾsiɡ,a,peɾsiɡ,e
peɾseɡˈiɾ,peɾsiɡ,a,peɾsiɡ,e
peɾseɡˈiɾ,peɾsiɡ,a,peɾsiɡ,e
peɾseɡˈiɾ,peɾsiɡ,a,peɾsiɡ,e
peɾseɡˈiɾ,peɾsiɡ,a,peɾsiɡ,e
peɾseɡˈiɾ,peɾsiɡ,a,peɾsiɡ,e
peɾseɡˈiɾ,peɾsiɡ,a,peɾsiɡ,e
peɾseɡˈiɾ,peɾsiɡ,a,peɾsiɡ,e
peɾseɡˈiɾ,peɾsiɡ,a,peɾsiɡ,e
peɾseɡˈiɾ,peɾsiɡ,a,peɾsiɡ,e
peɾseɡˈiɾ,peɾsiɡ,a,peɾsiɡ,e
peɾseɡˈiɾ,peɾsiɡ,a,peɾsiɡ,e
peɾseɡˈiɾ,peɾsiɡ,a,peɾsiɡ,e
peɾseɡˈiɾ,peɾsiɡ,a,peɾsiɡ,e
peɾseɡˈiɾ,peɾsiɡ,a,peɾsiɡ,e
peɾseɡˈiɾ,peɾsiɡ,a,peɾsiɡ,e
peɾseɡˈiɾ,peɾsiɡ,a,peɾsiɡ,e
peɾseɡˈiɾ,peɾsiɡ,a,peɾsiɡ,e
peɾseɡˈiɾ,peɾsiɡ,a,peɾsiɡ,e
peɾseɡˈiɾ,peɾsiɡ,a,peɾsiɡ,e
peɾseɡˈiɾ,peɾsiɡ,a,peɾsiɡ,e
peɾseɡˈiɾ,peɾsiɡ,a,peɾsiɡ,e
peɾseɡˈiɾ,peɾsiɡ,a,peɾsiɡ,e
peɾseɡˈiɾ,peɾsiɡ,a,peɾsiɡ,e
peɾseɡˈiɾ,peɾsiɡ,a,peɾsiɡ,e
peɾseɡˈiɾ,peɾsiɡ,a,peɾsiɡ,e
peɾseɡˈiɾ,peɾsiɡ,a,peɾsiɡ,e
peɾseɡˈiɾ,peɾsiɡ,a,peɾsiɡ,e
peɾseɡˈiɾ,peɾsiɡ,a,peɾsiɡ,e
dibidˈiɾ,dibid,ejs,dibid,ajs
dibidˈiɾ,dibid,ejs,dibid,ajs
dibidˈiɾ,dibid,ejs,dibid,ajs
dibidˈiɾ,dibid,ejs,dibid,ajs
dibidˈiɾ,dibid,ejs,dibid,ajs
dibidˈiɾ,dibid,ejs,dibid,ajs
dibidˈiɾ,dibid,ejs,dibid,ajs
dibidˈiɾ,dibid,ajs,dibid,ajs
dibidˈiɾ,dibid,ajs,dibid,ajs
dibidˈiɾ,dibid,ejs,dibid,ajs
dibidˈiɾ,dibid,ejs,dibid,ajs
dibidˈiɾ,dibid,ejs,dibid,ajs
dibidˈiɾ,dibid,ejs,dibid,ajs
dibidˈiɾ,dibid,ejs,dibid,ajs
dibidˈiɾ,dibid,ejs,dibid,ajs
dibidˈiɾ,dibid,ejs,dibid,ajs
dibidˈiɾ,dibid,ajs,dibid,ajs
dibidˈiɾ,dibid,ajs,dibid,ajs
dibidˈiɾ,dibid,ejs,dibid,ajs
dibidˈiɾ,dibid,ejs,dibid,ajs
dibidˈiɾ,dibid,ejs,dibid,ajs
dibidˈiɾ,dibid,ejs,dibid,ajs
dibidˈiɾ,dibid,ejs,dibid,ajs
dibidˈiɾ,dibid,ejs,dibid,ajs
dibidˈiɾ,dibid,ajs,dibid,ajs
dibidˈiɾ,dibid,ajs,dibid,ajs
dibidˈiɾ,dibid,ejs,dibid,ajs
dibidˈiɾ,dibid,ejs,dibid,ajs
dibidˈiɾ,dibid,ejs,dibid,ajs
dibidˈiɾ,dibid,ejs,dibid,ajs
dibidˈiɾ,dibid,ejs,dibid,ajs
dibidˈiɾ,dibid,ajs,dibid,ajs
dibidˈiɾ,dibid,ajs,dibid,ajs
dibidˈiɾ,dibid,ejs,dibid,ajs
dibidˈiɾ,dibid,ejs,dibid,ajs
dibidˈiɾ,dibid,ejs,dibid,ajs
dibidˈiɾ,dibid,ejs,dibid,ajs
dibidˈiɾ,dibid,ajs,dibid,ajs
dibidˈiɾ,dibid,ajs,dibid,ajs
dibidˈiɾ,dibid,ejs,dibid,ajs
dibidˈiɾ,dibid,ejs,dibid,ajs
dibidˈiɾ,dibid,ejs,dibid,ajs
dibidˈiɾ,dibid,ejs,dibid,ajs
dibidˈiɾ,dibid,ajs,dibid,ajs
dibidˈiɾ,dibid,ejs,dibid,ajs
dibidˈiɾ,dibid,ejs,dibid,ajs
dibidˈiɾ,dibid,ejs,dibid,ajs
dibidˈiɾ,dibid,ajs,dibid,ajs
dibidˈiɾ,dibid,ejs,dibid,ajs
dibidˈiɾ,dibid,ajs,dibid,ajs
dibidˈiɾ,dibid,ajs,dibid,ajs
dibidˈiɾ,dibid,ejs,dibid,ajs
dibidˈiɾ,dibidis,ajs,dibid,ajs
dibidˈiɾ,dibid,ejs,dibid,ajs
dibidˈiɾ,dibid,ejs,dibid,ajs
dibidˈiɾ,dibid,emos,dibid,amos
dibidˈiɾ,dibid,emos,dibid,amos
dibidˈiɾ,dibid,emos,dibid,amos
dibidˈiɾ,dibid,emos,dibid,amos
dibidˈiɾ,dibid,emos,dibid,amos
dibidˈiɾ,dibid,emos,dibid,amos
dibidˈiɾ,dibid,emos,dibid,amos
dibidˈiɾ,dibid,amos,dibid,amos
dibidˈiɾ,dibid,amos,dibid,amos
dibidˈiɾ,dibid,emos,dibid,amos
dibidˈiɾ,dibid,emos,dibid,amos
dibidˈiɾ,dibid,emos,dibid,amos
dibidˈiɾ,dibid,emos,dibid,amos
dibidˈiɾ,dibid,emos,dibid,amos
dibidˈiɾ,dibid,emos,dibid,amos
dibidˈiɾ,dibid,emos,dibid,amos
dibidˈiɾ,dibid,amos,dibid,amos
dibidˈiɾ,dibid,amos,dibid,amos
dibidˈiɾ,dibid,emos,dibid,amos
dibidˈiɾ,dibid,emos,dibid,amos
dibidˈiɾ,dibid,emos,dibid,amos
dibidˈiɾ,dibid,emos,dibid,amos
dibidˈiɾ,dibid,emos,dibid,amos
dibidˈiɾ,dibid,emos,dibid,amos
dibidˈiɾ,dibid,amos,dibid,amos
dibidˈiɾ,dibid,amos,dibid,amos
dibidˈiɾ,dibid,emos,dibid,amos
dibidˈiɾ,dibid,emos,dibid,amos
dibidˈiɾ,dibid,emos,dibid,amos
dibidˈiɾ,dibid,emos,dibid,amos
dibidˈiɾ,dibid,emos,dibid,amos
dibidˈiɾ,dibid,amos,dibid,amos
dibidˈiɾ,dibid,amos,dibid,amos
dibidˈiɾ,dibid,emos,dibid,amos
dibidˈiɾ,dibid,emos,dibid,amos
dibidˈiɾ,dibid,emos,dibid,amos
dibidˈiɾ,dibid,emos,dibid,amos
dibidˈiɾ,dibid,amos,dibid,amos
dibidˈiɾ,dibid,amos,dibid,amos
dibidˈiɾ,dibid,emos,dibid,amos
dibidˈiɾ,dibid,emos,dibid,amos
dibidˈiɾ,dibid,emos,dibid,amos
dibidˈiɾ,dibid,amos,dibid,amos
dibidˈiɾ,dibid,amos,dibid,amos
dibidˈiɾ,dibid,emos,dibid,amos
dibidˈiɾ,dibid,emos,dibid,amos
dibidˈiɾ,dibid,amos,dibid,amos
dibidˈiɾ,dibid,amos,dibid,amos
dibidˈiɾ,dibid,emos,dibid,amos
dibidˈiɾ,dibid,amos,dibid,amos
dibidˈiɾ,dibid,amos,dibid,amos
dibidˈiɾ,dibid,emos,dibid,amos
dibidˈiɾ,dibid,ajs,dibid,amos
dibidˈiɾ,dibid,emos,dibid,amos
dibidˈiɾ,dibid,emos,dibid,amos
dibidˈiɾ,dibid,en,dibid,an
dibidˈiɾ,dibid,en,dibid,an
dibidˈiɾ,dibid,en,dibid,an
dibidˈiɾ,dibid,en,dibid,an
dibidˈiɾ,dibid,en,dibid,an
dibidˈiɾ,dibid,en,dibid,an
dibidˈiɾ,dibid,en,dibid,an
dibidˈiɾ,dibid,amos,dibid,an
dibidˈiɾ,dibid,ajs,dibid,an
dibidˈiɾ,dibid,en,dibid,an
dibidˈiɾ,dibid,en,dibid,an
dibidˈiɾ,dibid,en,dibid,an
dibidˈiɾ,dibid,en,dibid,an
dibidˈiɾ,dibid,emos,dibid,an
dibidˈiɾ,dibid,en,dibid,an
dibidˈiɾ,dibid,en,dibid,an
dibidˈiɾ,dibid,amos,dibid,an
dibidˈiɾ,dibid,ajs,dibid,an
dibidˈiɾ,dibid,en,dibid,an
dibidˈiɾ,dibid,en,dibid,an
dibidˈiɾ,dibid,en,dibid,an
dibidˈiɾ,dibid,an,dibid,an
dibidˈiɾ,dibid,en,dibid,an
dibidˈiɾ,dibid,en,dibid,an
dibidˈiɾ,dibid,amos,dibid,an
dibidˈiɾ,dibid,ajs,dibid,an
dibidˈiɾ,dibid,en,dibid,an
dibidˈiɾ,dibid,en,dibid,an
dibidˈiɾ,dibid,an,dibid,an
dibidˈiɾ,dibid,en,dibid,an
dibidˈiɾ,dibid,en,dibid,an
dibidˈiɾ,,,dibid,an
dibidˈiɾ,dibid,ajs,dibid,an
dibidˈiɾ,dibid,en,dibid,an
dibidˈiɾ,dibid,an,dibid,an
dibidˈiɾ,dibid,en,dibid,an
dibidˈiɾ,dibid,en,dibid,an
dibidˈiɾ,,,dibid,an
dibidˈiɾ,dibid,ajs,dibid,an
dibidˈiɾ,dibid,en,dibid,an
dibidˈiɾ,dibid,en,dibid,an
dibidˈiɾ,dibid,an,dibid,an
dibidˈiɾ,dibid,amos,dibid,an
dibidˈiɾ,dibid,ajs,dibid,an
dibidˈiɾ,dibid,en,dibid,an
dibidˈiɾ,dibid,an,dibid,an
dibidˈiɾ,dibid,amos,dibid,an
dibidˈiɾ,dibid,ajs,dibid,an
dibidˈiɾ,dibid,en,dibid,an
dibidˈiɾ,dibid,amos,dibid,an
dibidˈiɾ,dibid,ajs,dibid,an
dibidˈiɾ,dibid,en,dibid,an
dibidˈiɾ,dibidis,en,dibid,an
dibidˈiɾ,dibid,en,dibid,an
dibidˈiɾ,dibid,en,dibid,an
dibidˈiɾ,dibid,emos,dibid,as
dibidˈiɾ,dibid,es,dibid,as
dibidˈiɾ,dibid,es,dibid,as
dibidˈiɾ,dibid,es,dibid,as
dibidˈiɾ,dibid,es,dibid,as
dibidˈiɾ,dibid,as,dibid,as
dibidˈiɾ,dibid,as,dibid,as
dibidˈiɾ,dibid,amos,dibid,as
dibidˈiɾ,dibid,ajs,dibid,as
dibidˈiɾ,dibid,es,dibid,as
dibidˈiɾ,dibid,es,dibid,as
dibidˈiɾ,dibid,es,dibid,as
dibidˈiɾ,dibid,es,dibid,as
dibidˈiɾ,dibid,es,dibid,as
dibidˈiɾ,dibid,as,dibid,as
dibidˈiɾ,dibid,as,dibid,as
dibidˈiɾ,dibid,amos,dibid,as
dibidˈiɾ,dibid,ajs,dibid,as
dibidˈiɾ,dibid,es,dibid,as
dibidˈiɾ,dibid,es,dibid,as
dibidˈiɾ,dibid,es,dibid,as
dibidˈiɾ,dibid,es,dibid,as
dibidˈiɾ,dibid,as,dibid,as
dibidˈiɾ,dibid,as,dibid,as
dibidˈiɾ,dibid,amos,dibid,as
dibidˈiɾ,dibid,ajs,dibid,as
dibidˈiɾ,dibid,es,dibid,as
dibidˈiɾ,dibid,es,dibid,as
dibidˈiɾ,dibid,es,dibid,as
dibidˈiɾ,dibid,as,dibid,as
dibidˈiɾ,dibid,es,dibid,as
dibidˈiɾ,dibid,amos,dibid,as
dibidˈiɾ,dibid,ajs,dibid,as
dibidˈiɾ,dibid,es,dibid,as
dibidˈiɾ,dibid,es,dibid,as
dibidˈiɾ,dibid,as,dibid,as
dibidˈiɾ,dibid,es,dibid,as
dibidˈiɾ,dibid,amos,dibid,as
dibidˈiɾ,dibid,ajs,dibid,as
dibidˈiɾ,dibid,es,dibid,as
dibidˈiɾ,dibid,as,dibid,as
dibidˈiɾ,dibid,as,dibid,as
dibidˈiɾ,dibid,amos,dibid,as
dibidˈiɾ,dibid,ajs,dibid,as
dibidˈiɾ,dibid,es,dibid,as
dibidˈiɾ,dibid,a,dibid,as
dibidˈiɾ,dibid,amos,dibid,as
dibidˈiɾ,dibid,ajs,dibid,as
dibidˈiɾ,dibid,es,dibid,as
dibidˈiɾ,dibid,amos,dibid,as
dibidˈiɾ,dibid,ajs,dibid,as
dibidˈiɾ,dibid,es,dibid,as
dibidˈiɾ,dibid,is,dibid,as
dibidˈiɾ,dibid,es,dibid,as
dibidˈiɾ,dibid,es,dibid,as
dibidˈiɾ,dibid,e,dibid,a
dibidˈiɾ,dibid,e,dibid,a
dibidˈiɾ,dibid,e,dibid,a
dibidˈiɾ,dibid,e,dibid,a
dibidˈiɾ,dibid,e,dibid,a
dibidˈiɾ,dibid,e,dibid,a
dibidˈiɾ,dibid,a,dibid,a
dibidˈiɾ,dibidam,o,dibid,a
dibidˈiɾ,dibid,ajs,dibid,a
dibidˈiɾ,dibid,e,dibid,a
dibidˈiɾ,dibid,e,dibid,a
dibidˈiɾ,dibid,e,dibid,a
dibidˈiɾ,dibid,e,dibid,a
dibidˈiɾ,dibid,e,dibid,a
dibidˈiɾ,dibid,e,dibid,a
dibidˈiɾ,dibid,a,dibid,a
dibidˈiɾ,dibid,amos,dibid,a
dibidˈiɾ,dibid,ajs,dibid,a
dibidˈiɾ,dibid,e,dibid,a
dibidˈiɾ,dibid,e,dibid,a
dibidˈiɾ,dibid,e,dibid,a
dibidˈiɾ,dibid,e,dibid,a
dibidˈiɾ,dibid,e,dibid,a
dibidˈiɾ,dibid,a,dibid,a
dibidˈiɾ,dibid,amos,dibid,a
dibidˈiɾ,dibid,ajs,dibid,a
dibidˈiɾ,dibid,e,dibid,a
dibidˈiɾ,dibid,e,dibid,a
dibidˈiɾ,dibid,e,dibid,a
dibidˈiɾ,dibid,e,dibid,a
dibidˈiɾ,dibid,a,dibid,a
dibidˈiɾ,dibid,amos,dibid,a
dibidˈiɾ,dibid,ajs,dibid,a
dibidˈiɾ,dibid,e,dibid,a
dibidˈiɾ,dibid,a,dibid,a
dibidˈiɾ,dibid,e,dibid,a
dibidˈiɾ,dibid,a,dibid,a
dibidˈiɾ,dibid,amos,dibid,a
dibidˈiɾ,dibid,ajs,dibid,a
dibidˈiɾ,dibid,e,dibid,a
dibidˈiɾ,dibid,e,dibid,a
dibidˈiɾ,dibid,a,dibid,a
dibidˈiɾ,dibid,amos,dibid,a
dibidˈiɾ,dibid,ajs,dibid,a
dibidˈiɾ,dibid,e,dibid,a
dibidˈiɾ,dibid,a,dibid,a
dibidˈiɾ,dibid,amos,dibid,a
dibidˈiɾ,dibid,ajs,dibid,a
dibidˈiɾ,dibid,e,dibid,a
dibidˈiɾ,dibidam,o,dibid,a
dibidˈiɾ,dibid,ajs,dibid,a
dibidˈiɾ,dibid,e,dibid,a
dibidˈiɾ,dibid,is,dibid,a
dibidˈiɾ,dibid,e,dibid,a
dibidˈiɾ,dibidis,e,dibid,a
dibidˈiɾ,dibid,e,dibid,a
dibidˈiɾ,dibid,e,dibid,a
dibidˈiɾ,dibid,e,dibid,a
dibidˈiɾ,dibid,e,dibid,a
dibidˈiɾ,dibid,e,dibid,a
dibidˈiɾ,dibid,e,dibid,a
dibidˈiɾ,dibid,a,dibid,a
dibidˈiɾ,dibidam,e,dibid,a
dibidˈiɾ,dibid,ajs,dibid,a
dibidˈiɾ,dibid,e,dibid,a
dibidˈiɾ,dibid,e,dibid,a
dibidˈiɾ,dibid,e,dibid,a
dibidˈiɾ,dibid,e,dibid,a
dibidˈiɾ,dibid,e,dibid,a
dibidˈiɾ,dibid,e,dibid,a
dibidˈiɾ,dibid,a,dibid,a
dibidˈiɾ,dibid,amos,dibid,a
dibidˈiɾ,dibid,ajs,dibid,a
dibidˈiɾ,dibid,e,dibid,a
dibidˈiɾ,dibid,e,dibid,a
dibidˈiɾ,dibid,e,dibid,a
dibidˈiɾ,dibid,e,dibid,a
dibidˈiɾ,dibid,e,dibid,a
dibidˈiɾ,dibid,a,dibid,a
dibidˈiɾ,dibid,amos,dibid,a
dibidˈiɾ,dibid,ajs,dibid,a
dibidˈiɾ,dibid,e,dibid,a
dibidˈiɾ,dibid,e,dibid,a
dibidˈiɾ,dibid,e,dibid,a
dibidˈiɾ,dibid,e,dibid,a
dibidˈiɾ,dibid,a,dibid,a
dibidˈiɾ,dibid,amos,dibid,a
dibidˈiɾ,dibid,ajs,dibid,a
dibidˈiɾ,dibid,e,dibid,a
dibidˈiɾ,dibid,e,dibid,a
dibidˈiɾ,dibid,e,dibid,a
dibidˈiɾ,dibid,a,dibid,a
dibidˈiɾ,dibid,amos,dibid,a
dibidˈiɾ,dibid,ajs,dibid,a
dibidˈiɾ,dibid,e,dibid,a
dibidˈiɾ,dibid,e,dibid,a
dibidˈiɾ,dibid,a,dibid,a
dibidˈiɾ,dibid,amos,dibid,a
dibidˈiɾ,dibid,ajs,dibid,a
dibidˈiɾ,dibid,e,dibid,a
dibidˈiɾ,dibid,a,dibid,a
dibidˈiɾ,dibid,amos,dibid,a
dibidˈiɾ,dibid,ajs,dibid,a
dibidˈiɾ,dibid,e,dibid,a
dibidˈiɾ,dibidam,e,dibid,a
dibidˈiɾ,dibid,ajs,dibid,a
dibidˈiɾ,dibid,e,dibid,a
dibidˈiɾ,dibid,is,dibid,a
dibidˈiɾ,dibid,e,dibid,a
dibidˈiɾ,dibidis,e,dibid,a
dibidˈiɾ,dibid,emos,dibid,en
dibidˈiɾ,dibid,an,dibid,en
dibidˈiɾ,dibid,an,dibid,en
dibidˈiɾ,dibid,an,dibid,en
dibidˈiɾ,dibid,an,dibid,en
dibidˈiɾ,dibid,an,dibid,en
dibidˈiɾ,dibid,an,dibid,en
dibidˈiɾ,dibid,amos,dibid,en
dibidˈiɾ,dibid,ajs,dibid,en
dibidˈiɾ,dibid,an,dibid,en
dibidˈiɾ,dibid,an,dibid,en
dibidˈiɾ,dibid,an,dibid,en
dibidˈiɾ,dibid,an,dibid,en
dibidˈiɾ,dibid,an,dibid,en
dibidˈiɾ,dibid,an,dibid,en
dibidˈiɾ,dibid,an,dibid,en
dibidˈiɾ,dibid,amos,dibid,en
dibidˈiɾ,dibid,ajs,dibid,en
dibidˈiɾ,dibid,an,dibid,en
dibidˈiɾ,dibid,an,dibid,en
dibidˈiɾ,dibid,an,dibid,en
dibidˈiɾ,dibid,an,dibid,en
dibidˈiɾ,dibid,an,dibid,en
dibidˈiɾ,dibid,an,dibid,en
dibidˈiɾ,dibid,amos,dibid,en
dibidˈiɾ,dibid,ajs,dibid,en
dibidˈiɾ,dibid,an,dibid,en
dibidˈiɾ,dibid,an,dibid,en
dibidˈiɾ,dibid,an,dibid,en
dibidˈiɾ,dibid,an,dibid,en
dibidˈiɾ,dibid,an,dibid,en
dibidˈiɾ,dibid,amos,dibid,en
dibidˈiɾ,dibid,ajs,dibid,en
dibidˈiɾ,dibid,an,dibid,en
dibidˈiɾ,dibid,an,dibid,en
dibidˈiɾ,dibid,an,dibid,en
dibidˈiɾ,dibid,an,dibid,en
dibidˈiɾ,dibid,amos,dibid,en
dibidˈiɾ,dibid,ajs,dibid,en
dibidˈiɾ,dibid,an,dibid,en
dibidˈiɾ,dibid,an,dibid,en
dibidˈiɾ,dibid,an,dibid,en
dibidˈiɾ,dibid,amos,dibid,en
dibidˈiɾ,dibid,ajs,dibid,en
dibidˈiɾ,dibid,an,dibid,en
dibidˈiɾ,dibid,an,dibid,en
dibidˈiɾ,dibid,amos,dibid,en
dibidˈiɾ,dibid,ajs,dibid,en
dibidˈiɾ,dibid,an,dibid,en
dibidˈiɾ,dibid,amos,dibid,en
dibidˈiɾ,dibid,ajs,dibid,en
dibidˈiɾ,dibid,an,dibid,en
dibidˈiɾ,dibidis,an,dibid,en
dibidˈiɾ,dibid,an,dibid,en
dibidˈiɾ,dibid,an,dibid,en
dibidˈiɾ,dibid,emos,dibid,es
dibidˈiɾ,dibid,as,dibid,es
dibidˈiɾ,dibid,as,dibid,es
dibidˈiɾ,dibid,as,dibid,es
dibidˈiɾ,dibid,as,dibid,es
dibidˈiɾ,dibid,as,dibid,es
dibidˈiɾ,dibid,as,dibid,es
dibidˈiɾ,dibid,amos,dibid,es
dibidˈiɾ,dibid,ajs,dibid,es
dibidˈiɾ,dibid,as,dibid,es
dibidˈiɾ,dibid,as,dibid,es
dibidˈiɾ,dibid,as,dibid,es
dibidˈiɾ,dibid,as,dibid,es
dibidˈiɾ,dibid,as,dibid,es
dibidˈiɾ,dibid,as,dibid,es
dibidˈiɾ,dibid,as,dibid,es
dibidˈiɾ,dibid,amos,dibid,es
dibidˈiɾ,dibid,ajs,dibid,es
dibidˈiɾ,dibid,as,dibid,es
dibidˈiɾ,dibid,as,dibid,es
dibidˈiɾ,dibid,as,dibid,es
dibidˈiɾ,dibid,as,dibid,es
dibidˈiɾ,dibid,as,dibid,es
dibidˈiɾ,dibid,as,dibid,es
dibidˈiɾ,dibid,amos,dibid,es
dibidˈiɾ,dibid,ajs,dibid,es
dibidˈiɾ,dibid,as,dibid,es
dibidˈiɾ,dibid,as,dibid,es
dibidˈiɾ,dibid,as,dibid,es
dibidˈiɾ,dibid,as,dibid,es
dibidˈiɾ,dibid,as,dibid,es
dibidˈiɾ,dibid,amos,dibid,es
dibidˈiɾ,dibid,ajs,dibid,es
dibidˈiɾ,dibid,as,dibid,es
dibidˈiɾ,dibid,as,dibid,es
dibidˈiɾ,dibid,as,dibid,es
dibidˈiɾ,dibid,as,dibid,es
dibidˈiɾ,dibid,amos,dibid,es
dibidˈiɾ,dibid,ajs,dibid,es
dibidˈiɾ,dibid,as,dibid,es
dibidˈiɾ,dibid,as,dibid,es
dibidˈiɾ,dibid,as,dibid,es
dibidˈiɾ,dibid,amos,dibid,es
dibidˈiɾ,dibid,ajs,dibid,es
dibidˈiɾ,dibid,as,dibid,es
dibidˈiɾ,dibid,as,dibid,es
dibidˈiɾ,dibid,amos,dibid,es
dibidˈiɾ,dibid,ajs,dibid,es
dibidˈiɾ,dibid,as,dibid,es
dibidˈiɾ,dibid,amos,dibid,es
dibidˈiɾ,dibid,ajs,dibid,es
dibidˈiɾ,dibid,as,dibid,es
dibidˈiɾ,dibid,is,dibid,es
dibidˈiɾ,dibid,as,dibid,es
dibidˈiɾ,dibid,as,dibid,es
dibidˈiɾ,dibid,e,dibid,e
dibidˈiɾ,dibid,a,dibid,e
dibidˈiɾ,dibid,a,dibid,e
dibidˈiɾ,dibid,a,dibid,e
dibidˈiɾ,dibid,a,dibid,e
dibidˈiɾ,dibid,a,dibid,e
dibidˈiɾ,dibid,a,dibid,e
dibidˈiɾ,dibidam,a,dibid,e
dibidˈiɾ,dibid,ajs,dibid,e
dibidˈiɾ,dibid,a,dibid,e
dibidˈiɾ,dibid,a,dibid,e
dibidˈiɾ,dibid,a,dibid,e
dibidˈiɾ,dibid,a,dibid,e
dibidˈiɾ,dibid,a,dibid,e
dibidˈiɾ,dibid,a,dibid,e
dibidˈiɾ,dibid,a,dibid,e
dibidˈiɾ,dibid,amos,dibid,e
dibidˈiɾ,dibid,ajs,dibid,e
dibidˈiɾ,dibid,a,dibid,e
dibidˈiɾ,dibid,a,dibid,e
dibidˈiɾ,dibid,a,dibid,e
dibidˈiɾ,dibid,a,dibid,e
dibidˈiɾ,dibid,a,dibid,e
dibidˈiɾ,dibid,a,dibid,e
dibidˈiɾ,dibid,amos,dibid,e
dibidˈiɾ,dibid,ajs,dibid,e
dibidˈiɾ,dibid,a,dibid,e
dibidˈiɾ,dibid,a,dibid,e
dibidˈiɾ,dibid,a,dibid,e
dibidˈiɾ,dibid,a,dibid,e
dibidˈiɾ,dibid,a,dibid,e
dibidˈiɾ,dibid,amos,dibid,e
dibidˈiɾ,dibid,ajs,dibid,e
dibidˈiɾ,dibid,a,dibid,e
dibidˈiɾ,dibid,a,dibid,e
dibidˈiɾ,dibid,a,dibid,e
dibidˈiɾ,dibid,a,dibid,e
dibidˈiɾ,dibid,amos,dibid,e
dibidˈiɾ,dibid,ajs,dibid,e
dibidˈiɾ,dibid,a,dibid,e
dibidˈiɾ,dibid,a,dibid,e
dibidˈiɾ,dibid,a,dibid,e
dibidˈiɾ,dibid,amos,dibid,e
dibidˈiɾ,dibid,ajs,dibid,e
dibidˈiɾ,dibid,a,dibid,e
dibidˈiɾ,dibid,a,dibid,e
dibidˈiɾ,dibid,amos,dibid,e
dibidˈiɾ,dibid,ajs,dibid,e
dibidˈiɾ,dibid,a,dibid,e
dibidˈiɾ,dibid,amos,dibid,e
dibidˈiɾ,dibid,ajs,dibid,e
dibidˈiɾ,dibid,a,dibid,e
dibidˈiɾ,dibidis,a,dibid,e
dibidˈiɾ,dibid,a,dibid,e
dibidˈiɾ,dibid,a,dibid,e
dibidˈiɾ,dibid,amos,dibid,imos
dibidˈiɾ,dibid,amos,dibid,imos
dibidˈiɾ,dibid,amos,dibid,imos
dibidˈiɾ,dibid,amos,dibid,imos
dibidˈiɾ,dibid,amos,dibid,imos
dibidˈiɾ,dibid,amos,dibid,imos
dibidˈiɾ,dibid,amos,dibid,imos
dibidˈiɾ,dibid,amos,dibid,imos
dibidˈiɾ,dibid,amos,dibid,imos
dibidˈiɾ,dibid,amos,dibid,imos
dibidˈiɾ,dibid,amos,dibid,imos
dibidˈiɾ,dibid,amos,dibid,imos
dibidˈiɾ,dibid,amos,dibid,imos
dibidˈiɾ,dibid,amos,dibid,imos
dibidˈiɾ,dibid,amos,dibid,imos
dibidˈiɾ,dibid,amos,dibid,imos
dibidˈiɾ,dibid,amos,dibid,imos
dibidˈiɾ,dibid,ajs,dibid,imos
dibidˈiɾ,dibid,amos,dibid,imos
dibidˈiɾ,dibid,amos,dibid,imos
dibidˈiɾ,dibid,amos,dibid,imos
dibidˈiɾ,dibid,amos,dibid,imos
dibidˈiɾ,dibid,amos,dibid,imos
dibidˈiɾ,dibid,amos,dibid,imos
dibidˈiɾ,dibid,amos,dibid,imos
dibidˈiɾ,dibid,amos,dibid,imos
dibidˈiɾ,dibid,amos,dibid,imos
dibidˈiɾ,dibid,amos,dibid,imos
dibidˈiɾ,dibid,amos,dibid,imos
dibidˈiɾ,dibid,amos,dibid,imos
dibidˈiɾ,dibid,amos,dibid,imos
dibidˈiɾ,dibid,amos,dibid,imos
dibidˈiɾ,dibid,amos,dibid,imos
dibidˈiɾ,dibid,amos,dibid,imos
dibidˈiɾ,dibid,amos,dibid,imos
dibidˈiɾ,dibid,amos,dibid,imos
dibidˈiɾ,dibid,amos,dibid,imos
dibidˈiɾ,dibid,amos,dibid,imos
dibidˈiɾ,dibid,amos,dibid,imos
dibidˈiɾ,dibid,amos,dibid,imos
dibidˈiɾ,dibid,amos,dibid,imos
dibidˈiɾ,dibid,amos,dibid,imos
dibidˈiɾ,dibid,amos,dibid,imos
dibidˈiɾ,dibid,amos,dibid,imos
dibidˈiɾ,dibid,amos,dibid,imos
dibidˈiɾ,dibid,amos,dibid,imos
dibidˈiɾ,dibid,amos,dibid,imos
dibidˈiɾ,dibid,amos,dibid,imos
dibidˈiɾ,dibid,amos,dibid,imos
dibidˈiɾ,dibid,amos,dibid,imos
dibidˈiɾ,dibid,amos,dibid,imos
dibidˈiɾ,dibid,amos,dibid,imos
dibidˈiɾ,dibid,amos,dibid,imos
dibidˈiɾ,dibid,amos,dibid,imos
dibidˈiɾ,dibid,amos,dibid,imos
dibidˈiɾ,dibid,ajs,dibid,is
dibidˈiɾ,dibid,ajs,dibid,is
dibidˈiɾ,dibid,ajs,dibid,is
dibidˈiɾ,dibid,ajs,dibid,is
dibidˈiɾ,dibid,ajs,dibid,is
dibidˈiɾ,dibid,ajs,dibid,is
dibidˈiɾ,dibid,ajs,dibid,is
dibidˈiɾ,dibid,ajs,dibid,is
dibidˈiɾ,dibid,ajs,dibid,is
dibidˈiɾ,dibid,ajs,dibid,is
dibidˈiɾ,dibid,ajs,dibid,is
dibidˈiɾ,dibid,ajs,dibid,is
dibidˈiɾ,dibid,ajs,dibid,is
dibidˈiɾ,dibid,ajs,dibid,is
dibidˈiɾ,dibid,ajs,dibid,is
dibidˈiɾ,dibid,ajs,dibid,is
dibidˈiɾ,dibid,ajs,dibid,is
dibidˈiɾ,dibid,ajs,dibid,is
dibidˈiɾ,dibid,ajs,dibid,is
dibidˈiɾ,dibid,ajs,dibid,is
dibidˈiɾ,dibid,ajs,dibid,is
dibidˈiɾ,dibid,ajs,dibid,is
dibidˈiɾ,dibid,ajs,dibid,is
dibidˈiɾ,dibid,ajs,dibid,is
dibidˈiɾ,dibid,ajs,dibid,is
dibidˈiɾ,dibid,ajs,dibid,is
dibidˈiɾ,dibid,ajs,dibid,is
dibidˈiɾ,dibid,ajs,dibid,is
dibidˈiɾ,dibid,ajs,dibid,is
dibidˈiɾ,dibid,ajs,dibid,is
dibidˈiɾ,dibid,ajs,dibid,is
dibidˈiɾ,dibid,ajs,dibid,is
dibidˈiɾ,dibid,ajs,dibid,is
dibidˈiɾ,dibid,ajs,dibid,is
dibidˈiɾ,dibid,ajs,dibid,is
dibidˈiɾ,dibid,ajs,dibid,is
dibidˈiɾ,dibid,ajs,dibid,is
dibidˈiɾ,dibid,ajs,dibid,is
dibidˈiɾ,dibid,ajs,dibid,is
dibidˈiɾ,dibid,ajs,dibid,is
dibidˈiɾ,dibid,ajs,dibid,is
dibidˈiɾ,dibid,ajs,dibid,is
dibidˈiɾ,dibid,ajs,dibid,is
dibidˈiɾ,dibid,ajs,dibid,is
dibidˈiɾ,dibid,ajs,dibid,is
dibidˈiɾ,dibid,ajs,dibid,is
dibidˈiɾ,dibid,ajs,dibid,is
dibidˈiɾ,dibid,ajs,dibid,is
dibidˈiɾ,dibid,ajs,dibid,is
dibidˈiɾ,dibid,ajs,dibid,is
dibidˈiɾ,dibid,ajs,dibid,is
dibidˈiɾ,dibid,ajs,dibid,is
dibidˈiɾ,dibid,ajs,dibid,is
dibidˈiɾ,dibid,ajs,dibid,is
dibidˈiɾ,dibid,ajs,dibid,is
dibidˈiɾ,dibid,emos,dibid,o
dibidˈiɾ,dibid,o,dibid,o
dibidˈiɾ,dibid,o,dibid,o
dibidˈiɾ,dibid,o,dibid,o
dibidˈiɾ,dibid,o,dibid,o
dibidˈiɾ,dibid,o,dibid,o
dibidˈiɾ,dibid,o,dibid,o
dibidˈiɾ,dibid,o,dibid,o
dibidˈiɾ,dibid,amos,dibid,o
dibidˈiɾ,dibid,ajs,dibid,o
dibidˈiɾ,dibid,o,dibid,o
dibidˈiɾ,dibid,o,dibid,o
dibidˈiɾ,dibid,o,dibid,o
dibidˈiɾ,dibid,o,dibid,o
dibidˈiɾ,dibid,amos,dibid,o
dibidˈiɾ,dibid,o,dibid,o
dibidˈiɾ,dibid,o,dibid,o
dibidˈiɾ,dibid,amos,dibid,o
dibidˈiɾ,dibid,ajs,dibid,o
dibidˈiɾ,dibid,o,dibid,o
dibidˈiɾ,dibid,o,dibid,o
dibidˈiɾ,dibid,o,dibid,o
dibidˈiɾ,dibid,o,dibid,o
dibidˈiɾ,dibid,o,dibid,o
dibidˈiɾ,dibid,o,dibid,o
dibidˈiɾ,dibid,amos,dibid,o
dibidˈiɾ,dibid,ajs,dibid,o
dibidˈiɾ,dibid,o,dibid,o
dibidˈiɾ,dibid,o,dibid,o
dibidˈiɾ,dibid,o,dibid,o
dibidˈiɾ,dibid,o,dibid,o
dibidˈiɾ,dibid,o,dibid,o
dibidˈiɾ,dibid,amos,dibid,o
dibidˈiɾ,dibid,ajs,dibid,o
dibidˈiɾ,dibid,o,dibid,o
dibidˈiɾ,dibid,o,dibid,o
dibidˈiɾ,dibid,o,dibid,o
dibidˈiɾ,dibid,o,dibid,o
dibidˈiɾ,dibid,amos,dibid,o
dibidˈiɾ,dibid,ajs,dibid,o
dibidˈiɾ,dibid,o,dibid,o
dibidˈiɾ,dibid,o,dibid,o
dibidˈiɾ,dibid,o,dibid,o
dibidˈiɾ,dibid,amos,dibid,o
dibidˈiɾ,dibid,ajs,dibid,o
dibidˈiɾ,dibid,o,dibid,o
dibidˈiɾ,dibid,o,dibid,o
dibidˈiɾ,dibid,amos,dibid,o
dibidˈiɾ,dibid,ajs,dibid,o
dibidˈiɾ,dibid,o,dibid,o
dibidˈiɾ,dibid,amos,dibid,o
dibidˈiɾ,dibid,ajs,dibid,o
dibidˈiɾ,dibid,amos,dibid,o
dibidˈiɾ,dibid,ajs,dibid,o
dibidˈiɾ,dibid,is,dibid,o
