form,lemma,lemma_sf
edusˈimos,edusˈiɾ,s
emˈunçen,emunçˈeɾ,nç
pɾedˈises,pɾedesˈiɾ,s
antedˈiɡo,antedesˈiɾ,s
eɾˈiçe,eɾiçˈiɾ,ç
enbileskˈajs,enbilesˈeɾ,s
obtenɡˈamos,obtenˈeɾ,n
eɾiçˈis,eɾiçˈiɾ,ç
apetˈesko,apetesˈeɾ,s
ˈuɾçes,uɾçˈiɾ,ɾç
ofɾˈeskan,ofɾesˈeɾ,s
kopɾoduskˈamos,kopɾodusˈiɾ,s
pɾebenɡˈajs,pɾebenˈiɾ,n
adʃˈaskas,adʃasˈeɾ,s
emˈunçe,emunçˈeɾ,nç
ɾetˈenɡan,ɾetenˈeɾ,n
pɾedˈisen,pɾedesˈiɾ,s
sobɾesalɡˈamos,sobɾesalˈiɾ,l
opˈone,oponˈeɾ,n
embeʃeskˈamos,embeʃesˈeɾ,s
substɾaˈemos,substɾaˈeɾ,
edˈusko,edusˈiɾ,s
substɾajɡˈajs,substɾaˈeɾ,
ɾediɾˈiçen,ɾediɾiçˈiɾ,ç
exˈeɾses,exeɾsˈeɾ,ɾs
antedˈiɡas,antedesˈiɾ,s
debjˈenen,debenˈiɾ,n
eskosˈajs,eskosˈeɾ,s
tɾaspˈone,tɾasponˈeɾ,n
tɾasponˈejs,tɾasponˈeɾ,n
adʃasˈejs,adʃasˈeɾ,s
inteɾbˈenɡas,inteɾbenˈiɾ,n
antedesˈimos,antedesˈiɾ,s
ɾetˈenɡas,ɾetenˈeɾ,n
ataɾdeskˈamos,ataɾdesˈeɾ,s
ɾeapaɾˈesko,ɾeapaɾesˈeɾ,s
enkaʃeskˈajs,enkaʃesˈeɾ,s
amanˈeskas,amanesˈeɾ,s
pɾebˈenɡa,pɾebenˈiɾ,n
apeteskˈamos,apetesˈeɾ,s
embeʃeskˈajs,embeʃesˈeɾ,s
enluskˈajs,enlusˈiɾ,s
ataɾdˈeskan,ataɾdesˈeɾ,s
enbilesˈejs,enbilesˈeɾ,s
pɾediɡˈajs,pɾedesˈiɾ,s
intelixˈamos,inteliçˈiɾ,ç
tɾˈajɡan,tɾaˈeɾ,
edˈusen,edusˈiɾ,s
antedˈiɡa,antedesˈiɾ,s
enkaʃesˈemos,enkaʃesˈeɾ,s
intelixˈajs,inteliçˈiɾ,ç
dedˈuskan,dedusˈiɾ,s
exˈeɾse,exeɾsˈeɾ,ɾs
inteɾbenɡˈamos,inteɾbenˈiɾ,n
desobedˈeska,desobedesˈeɾ,s
exeɾsˈamos,exeɾsˈeɾ,ɾs
fɾançˈimos,fɾançˈiɾ,nç
ˈuɾxan,uɾçˈiɾ,ɾç
ɾetenɡˈajs,ɾetenˈeɾ,n
elˈiçen,eliçˈiɾ,ç
opˈones,oponˈeɾ,n
debˈenɡan,debenˈiɾ,n
ɾetenˈejs,ɾetenˈeɾ,n
enbileskˈamos,enbilesˈeɾ,s
desapaɾˈesko,desapaɾesˈeɾ,s
sˈuɾses,suɾsˈiɾ,ɾs
aborˈeses,aboresˈeɾ,s
tɾˈaen,tɾaˈeɾ,
apˈonɡo,aponˈeɾ,n
tɾajɡˈajs,tɾaˈeɾ,
antedˈises,antedesˈiɾ,s
enlˈuse,enlusˈiɾ,s
enlokeskˈajs,enlokesˈeɾ,s
sostenɡˈamos,sostenˈeɾ,n
debˈenɡo,debenˈiɾ,n
ʃukstaponˈejs,ʃukstaponˈeɾ,n
edˈuses,edusˈiɾ,s
intelˈixo,inteliçˈiɾ,ç
destoɾsˈajs,destoɾsˈeɾ,ɾs
ʃukstaponɡˈamos,ʃukstaponˈeɾ,n
ɾeponɡˈamos,ɾeponˈeɾ,n
pɾebjˈene,pɾebenˈiɾ,n
desobedeskˈajs,desobedesˈeɾ,s
tɾaspˈonɡa,tɾasponˈeɾ,n
ɾeapaɾˈeses,ɾeapaɾesˈeɾ,s
fɾanxˈajs,fɾançˈiɾ,nç
ɾeˈase,ɾeasˈeɾ,s
ʃukstapˈone,ʃukstaponˈeɾ,n
emˈunxa,emunçˈeɾ,nç
eɾixˈamos,eɾiçˈiɾ,ç
ɾeˈases,ɾeasˈeɾ,s
emˈunxan,emunçˈeɾ,nç
ekstɾˈajɡa,ekstɾaˈeɾ,
ɾepˈonɡo,ɾeponˈeɾ,n
empobɾˈeskas,empobɾesˈeɾ,s
desbanˈesen,desbanesˈeɾ,s
eskwˈesa,eskosˈeɾ,s
desˈases,desasˈiɾ,s
substɾˈajɡo,substɾaˈeɾ,
desapaɾesˈemos,desapaɾesˈeɾ,s
ɾedˈiɡas,ɾedesˈiɾ,s
ɾetɾotɾajɡˈajs,ɾetɾotɾaˈeɾ,
sostenˈemos,sostenˈeɾ,n
ɾediɾˈixan,ɾediɾiçˈiɾ,ç
eduskˈamos,edusˈiɾ,s
despaɾˈese,despaɾesˈeɾ,s
sˈuɾsas,suɾsˈiɾ,ɾs
dedˈuskas,dedusˈiɾ,s
pɾebenɡˈamos,pɾebenˈiɾ,n
desobedˈesen,desobedesˈeɾ,s
ʃukstapˈonɡo,ʃukstaponˈeɾ,n
debenˈis,debenˈiɾ,n
ekstɾaˈejs,ekstɾaˈeɾ,
enkaʃˈeskan,enkaʃesˈeɾ,s
amanˈeses,amanesˈeɾ,s
uɾçˈis,uɾçˈiɾ,ɾç
debjˈene,debenˈiɾ,n
fɾˈanxa,fɾançˈiɾ,nç
desbanesˈejs,desbanesˈeɾ,s
diɾiçˈimos,diɾiçˈiɾ,ç
apetˈeses,apetesˈeɾ,s
enbilˈeses,enbilesˈeɾ,s
fˈunxan,funçˈiɾ,nç
obtˈenɡas,obtenˈeɾ,n
sobɾesˈale,sobɾesalˈiɾ,l
despaɾˈeskan,despaɾesˈeɾ,s
edˈuskas,edusˈiɾ,s
apˈones,aponˈeɾ,n
emˈunxas,emunçˈeɾ,nç
empobɾˈeses,empobɾesˈeɾ,s
apetˈeskan,apetesˈeɾ,s
uɾxˈamos,uɾçˈiɾ,ɾç
suɾsˈamos,suɾsˈiɾ,ɾs
desapaɾesˈejs,desapaɾesˈeɾ,s
despaɾˈeses,despaɾesˈeɾ,s
ʃukstapˈonɡa,ʃukstaponˈeɾ,n
ɾedesˈimos,ɾedesˈiɾ,s
elixˈamos,eliçˈiɾ,ç
ekibˈalɡas,ekibalˈeɾ,l
debenˈimos,debenˈiɾ,n
enkaʃˈeska,enkaʃesˈeɾ,s
enbilˈesko,enbilesˈeɾ,s
elˈixan,eliçˈiɾ,ç
kopɾodˈuskas,kopɾodusˈiɾ,s
eskwˈesan,eskosˈeɾ,s
inteɾbjˈenen,inteɾbenˈiɾ,n
ataɾdˈeskas,ataɾdesˈeɾ,s
opˈonen,oponˈeɾ,n
enlusˈis,enlusˈiɾ,s
desobedˈese,desobedesˈeɾ,s
lanɡidˈese,lanɡidesˈeɾ,s
apˈonen,aponˈeɾ,n
uɾçˈimos,uɾçˈiɾ,ɾç
tɾaˈemos,tɾaˈeɾ,
atjˈene,atenˈeɾ,n
sobɾesˈales,sobɾesalˈiɾ,l
adʃˈaskan,adʃasˈeɾ,s
ekibˈalɡa,ekibalˈeɾ,l
fˈunçe,funçˈiɾ,nç
ɾedˈises,ɾedesˈiɾ,s
ɾeaɡˈajs,ɾeasˈeɾ,s
ɾediɾˈiçe,ɾediɾiçˈiɾ,ç
aborˈeskas,aboresˈeɾ,s
despaɾˈeska,despaɾesˈeɾ,s
kopɾodusˈimos,kopɾodusˈiɾ,s
eɾiçˈimos,eɾiçˈiɾ,ç
eskwˈese,eskosˈeɾ,s
fˈunxo,funçˈiɾ,nç
ekstɾˈae,ekstɾaˈeɾ,
desasɡˈamos,desasˈiɾ,s
tɾasponˈemos,tɾasponˈeɾ,n
inteɾbjˈene,inteɾbenˈiɾ,n
amaneskˈajs,amanesˈeɾ,s
ɾepˈonɡas,ɾeponˈeɾ,n
tɾˈajɡo,tɾaˈeɾ,
amanˈeska,amanesˈeɾ,s
intelˈixas,inteliçˈiɾ,ç
embeʃˈesen,embeʃesˈeɾ,s
apetˈeskas,apetesˈeɾ,s
enbilˈesen,enbilesˈeɾ,s
destwˈeɾso,destoɾsˈeɾ,ɾs
enkaʃˈesko,enkaʃesˈeɾ,s
ˈuɾçe,uɾçˈiɾ,ɾç
ɾeˈasen,ɾeasˈeɾ,s
enlˈusen,enlusˈiɾ,s
fˈunçen,funçˈiɾ,nç
apˈonɡa,aponˈeɾ,n
eɾˈixo,eɾiçˈiɾ,ç
sostˈenɡo,sostenˈeɾ,n
ekibˈales,ekibalˈeɾ,l
opˈonɡo,oponˈeɾ,n
eɾˈixan,eɾiçˈiɾ,ç
ɾetˈenɡa,ɾetenˈeɾ,n
destwˈeɾsas,destoɾsˈeɾ,ɾs
destwˈeɾsen,destoɾsˈeɾ,ɾs
aboresˈemos,aboresˈeɾ,s
enlokˈesen,enlokesˈeɾ,s
deɾelˈinkes,deɾelinkˈiɾ,nk
tɾaspˈones,tɾasponˈeɾ,n
ataɾdˈesen,ataɾdesˈeɾ,s
intelˈixan,inteliçˈiɾ,ç
eskwˈeso,eskosˈeɾ,s
ˈuɾxo,uɾçˈiɾ,ɾç
embeʃˈesko,embeʃesˈeɾ,s
diɾˈixa,diɾiçˈiɾ,ç
exˈeɾsen,exeɾsˈeɾ,ɾs
ekibalˈemos,ekibalˈeɾ,l
inteɾbenɡˈajs,inteɾbenˈiɾ,n
enlˈuses,enlusˈiɾ,s
eskosˈejs,eskosˈeɾ,s
elˈixa,eliçˈiɾ,ç
edˈuska,edusˈiɾ,s
ekibˈalɡo,ekibalˈeɾ,l
enbilˈeskan,enbilesˈeɾ,s
substɾˈae,substɾaˈeɾ,
deɾelˈinke,deɾelinkˈiɾ,nk
antediɡˈajs,antedesˈiɾ,s
obtˈenɡa,obtenˈeɾ,n
deɾelinkˈajs,deɾelinkˈiɾ,nk
apˈonɡas,aponˈeɾ,n
ɾeasˈemos,ɾeasˈeɾ,s
eliçˈis,eliçˈiɾ,ç
fˈunxas,funçˈiɾ,nç
deɾelˈinka,deɾelinkˈiɾ,nk
emˈunçes,emunçˈeɾ,nç
uɾxˈajs,uɾçˈiɾ,ɾç
sostˈenɡan,sostenˈeɾ,n
tɾaspˈonɡas,tɾasponˈeɾ,n
desˈasɡo,desasˈiɾ,s
pɾedˈiɡa,pɾedesˈiɾ,s
debˈenɡa,debenˈiɾ,n
ɾediɡˈamos,ɾedesˈiɾ,s
diɾiçˈis,diɾiçˈiɾ,ç
ɾetɾotɾˈajɡan,ɾetɾotɾaˈeɾ,
kopɾodusˈis,kopɾodusˈiɾ,s
fɾançˈis,fɾançˈiɾ,nç
obtenɡˈajs,obtenˈeɾ,n
aborˈesen,aboresˈeɾ,s
enlˈuskan,enlusˈiɾ,s
eɾˈixa,eɾiçˈiɾ,ç
embeʃˈeskas,embeʃesˈeɾ,s
ɾeponɡˈajs,ɾeponˈeɾ,n
eskosˈamos,eskosˈeɾ,s
ɾeˈaɡa,ɾeasˈeɾ,s
adʃˈaska,adʃasˈeɾ,s
ɾedˈiɡa,ɾedesˈiɾ,s
lanɡidˈeska,lanɡidesˈeɾ,s
empobɾˈesen,empobɾesˈeɾ,s
enlˈuska,enlusˈiɾ,s
ataɾdesˈejs,ataɾdesˈeɾ,s
ofɾeskˈajs,ofɾesˈeɾ,s
sˈuɾsan,suɾsˈiɾ,ɾs
elixˈajs,eliçˈiɾ,ç
kopɾodˈuses,kopɾodusˈiɾ,s
ɾediɾˈixas,ɾediɾiçˈiɾ,ç
ɾetɾotɾˈajɡo,ɾetɾotɾaˈeɾ,
desapaɾˈeses,desapaɾesˈeɾ,s
amanˈeskan,amanesˈeɾ,s
enkaʃesˈejs,enkaʃesˈeɾ,s
ofɾˈeskas,ofɾesˈeɾ,s
ʃukstapˈones,ʃukstaponˈeɾ,n
ofɾesˈejs,ofɾesˈeɾ,s
desˈasɡan,desasˈiɾ,s
suɾsˈis,suɾsˈiɾ,ɾs
fɾˈançen,fɾançˈiɾ,nç
desˈase,desasˈiɾ,s
enkaʃeskˈamos,enkaʃesˈeɾ,s
destwˈeɾsa,destoɾsˈeɾ,ɾs
ekstɾˈaes,ekstɾaˈeɾ,
ɾetɾotɾˈaes,ɾetɾotɾaˈeɾ,
desobedesˈemos,desobedesˈeɾ,s
apˈone,aponˈeɾ,n
tɾaspˈonɡo,tɾasponˈeɾ,n
ɾediɾixˈajs,ɾediɾiçˈiɾ,ç
diɾˈiçe,diɾiçˈiɾ,ç
tɾaspˈonɡan,tɾasponˈeɾ,n
pɾedˈiɡo,pɾedesˈiɾ,s
exeɾsˈajs,exeɾsˈeɾ,ɾs
substɾˈajɡan,substɾaˈeɾ,
tɾˈae,tɾaˈeɾ,
fɾˈanxo,fɾançˈiɾ,nç
pɾebˈenɡas,pɾebenˈiɾ,n
desasɡˈajs,desasˈiɾ,s
lanɡideskˈajs,lanɡidesˈeɾ,s
apeteskˈajs,apetesˈeɾ,s
sobɾesalˈimos,sobɾesalˈiɾ,l
adʃaskˈajs,adʃasˈeɾ,s
ɾetɾotɾaˈemos,ɾetɾotɾaˈeɾ,
obtˈenɡan,obtenˈeɾ,n
ɾediɾiçˈimos,ɾediɾiçˈiɾ,ç
intelˈiçen,inteliçˈiɾ,ç
deɾelinkˈamos,deɾelinkˈiɾ,nk
ekibalɡˈajs,ekibalˈeɾ,l
ɾetɾotɾaˈejs,ɾetɾotɾaˈeɾ,
tɾajɡˈamos,tɾaˈeɾ,
desˈasen,desasˈiɾ,s
inteliçˈimos,inteliçˈiɾ,ç
opˈonɡan,oponˈeɾ,n
sostˈenɡa,sostenˈeɾ,n
aponɡˈajs,aponˈeɾ,n
exeɾsˈejs,exeɾsˈeɾ,ɾs
lanɡidesˈemos,lanɡidesˈeɾ,s
desapaɾˈesen,desapaɾesˈeɾ,s
pɾedˈiɡas,pɾedesˈiɾ,s
ɾepˈonɡan,ɾeponˈeɾ,n
debenɡˈajs,debenˈiɾ,n
desapaɾˈese,desapaɾesˈeɾ,s
pɾebˈenɡo,pɾebenˈiɾ,n
ataɾdˈeses,ataɾdesˈeɾ,s
adʃˈase,adʃasˈeɾ,s
empobɾeskˈamos,empobɾesˈeɾ,s
destwˈeɾse,destoɾsˈeɾ,ɾs
enluskˈamos,enlusˈiɾ,s
desobedˈesko,desobedesˈeɾ,s
exˈeɾsan,exeɾsˈeɾ,ɾs
diɾˈiçen,diɾiçˈiɾ,ç
sobɾesˈalɡan,sobɾesalˈiɾ,l
aboresˈejs,aboresˈeɾ,s
fˈunxa,funçˈiɾ,nç
ɾeˈaɡan,ɾeasˈeɾ,s
fɾˈanxas,fɾançˈiɾ,nç
tɾasponɡˈamos,tɾasponˈeɾ,n
eɾˈixas,eɾiçˈiɾ,ç
substɾajɡˈamos,substɾaˈeɾ,
enlˈusko,enlusˈiɾ,s
ekibˈalɡan,ekibalˈeɾ,l
emunçˈemos,emunçˈeɾ,nç
tɾˈajɡa,tɾaˈeɾ,
pɾebenˈis,pɾebenˈiɾ,n
ataɾdeskˈajs,ataɾdesˈeɾ,s
desobedesˈejs,desobedesˈeɾ,s
desobedˈeskan,desobedesˈeɾ,s
ekibalˈejs,ekibalˈeɾ,l
desapaɾˈeskas,desapaɾesˈeɾ,s
tɾaspˈonen,tɾasponˈeɾ,n
lanɡidˈesko,lanɡidesˈeɾ,s
inteɾbenˈis,inteɾbenˈiɾ,n
ʃukstapˈonen,ʃukstaponˈeɾ,n
lanɡidˈeses,lanɡidesˈeɾ,s
ɾeˈaɡas,ɾeasˈeɾ,s
desˈasɡas,desasˈiɾ,s
ʃukstapˈonɡas,ʃukstaponˈeɾ,n
ɾediɾiçˈis,ɾediɾiçˈiɾ,ç
sostjˈene,sostenˈeɾ,n
aboreskˈajs,aboresˈeɾ,s
sobɾesˈalɡas,sobɾesalˈiɾ,l
atenˈejs,atenˈeɾ,n
amanˈesko,amanesˈeɾ,s
inteɾbenˈimos,inteɾbenˈiɾ,n
desbanˈeskan,desbanesˈeɾ,s
ɾedˈiɡan,ɾedesˈiɾ,s
ɾediɾˈiçes,ɾediɾiçˈiɾ,ç
tɾˈaes,tɾaˈeɾ,
aborˈese,aboresˈeɾ,s
ɾetˈenɡo,ɾetenˈeɾ,n
atˈenɡan,atenˈeɾ,n
substɾˈaen,substɾaˈeɾ,
oponˈejs,oponˈeɾ,n
desapaɾˈeskan,desapaɾesˈeɾ,s
oponɡˈajs,oponˈeɾ,n
desbanˈeskas,desbanesˈeɾ,s
empobɾˈesko,empobɾesˈeɾ,s
desbanˈeska,desbanesˈeɾ,s
elˈixo,eliçˈiɾ,ç
empobɾeskˈajs,empobɾesˈeɾ,s
enlusˈimos,enlusˈiɾ,s
desbanesˈemos,desbanesˈeɾ,s
obtenˈejs,obtenˈeɾ,n
ekibˈalen,ekibalˈeɾ,l
eɾˈiçes,eɾiçˈiɾ,ç
atjˈenen,atenˈeɾ,n
enlokˈeskan,enlokesˈeɾ,s
diɾˈixan,diɾiçˈiɾ,ç
embeʃˈeskan,embeʃesˈeɾ,s
ɾepˈonɡa,ɾeponˈeɾ,n
deduskˈamos,dedusˈiɾ,s
ɾedˈise,ɾedesˈiɾ,s
intelˈiçe,inteliçˈiɾ,ç
pɾebjˈenes,pɾebenˈiɾ,n
ɾepˈones,ɾeponˈeɾ,n
ekibˈale,ekibalˈeɾ,l
oponɡˈamos,oponˈeɾ,n
eskwˈeses,eskosˈeɾ,s
exˈeɾsas,exeɾsˈeɾ,ɾs
inteɾbˈenɡan,inteɾbenˈiɾ,n
elˈixas,eliçˈiɾ,ç
enkaʃˈese,enkaʃesˈeɾ,s
enkaʃˈeses,enkaʃesˈeɾ,s
aborˈeskan,aboresˈeɾ,s
exˈeɾsa,exeɾsˈeɾ,ɾs
ɾedˈiɡo,ɾedesˈiɾ,s
desobedˈeskas,desobedesˈeɾ,s
ɾetjˈene,ɾetenˈeɾ,n
adʃasˈemos,adʃasˈeɾ,s
ekstɾˈaen,ekstɾaˈeɾ,
kopɾoduskˈajs,kopɾodusˈiɾ,s
inteɾbˈenɡo,inteɾbenˈiɾ,n
atenˈemos,atenˈeɾ,n
ataɾdesˈemos,ataɾdesˈeɾ,s
aborˈesko,aboresˈeɾ,s
ɾetɾotɾˈajɡas,ɾetɾotɾaˈeɾ,
obtjˈene,obtenˈeɾ,n
ekstɾajɡˈajs,ekstɾaˈeɾ,
empobɾˈeskan,empobɾesˈeɾ,s
destoɾsˈemos,destoɾsˈeɾ,ɾs
substɾaˈejs,substɾaˈeɾ,
ɾepˈone,ɾeponˈeɾ,n
deɾelˈinken,deɾelinkˈiɾ,nk
eskwˈesen,eskosˈeɾ,s
ɾediɡˈajs,ɾedesˈiɾ,s
fɾˈançe,fɾançˈiɾ,nç
ɾeapaɾˈesen,ɾeapaɾesˈeɾ,s
desobedeskˈamos,desobedesˈeɾ,s
adoɾmˈeses,adoɾmesˈeɾ,s
ˈuɾxas,uɾçˈiɾ,ɾç
desbaneskˈajs,desbanesˈeɾ,s
diɾixˈajs,diɾiçˈiɾ,ç
lanɡidˈesen,lanɡidesˈeɾ,s
kopɾodˈuskan,kopɾodusˈiɾ,s
edˈuse,edusˈiɾ,s
ɾetɾotɾajɡˈamos,ɾetɾotɾaˈeɾ,
despaɾeskˈajs,despaɾesˈeɾ,s
desbanˈese,desbanesˈeɾ,s
adʃˈasko,adʃasˈeɾ,s
diɾˈixas,diɾiçˈiɾ,ç
fˈunçes,funçˈiɾ,nç
tɾasponɡˈajs,tɾasponˈeɾ,n
ɾeˈaɡo,ɾeasˈeɾ,s
empobɾesˈejs,empobɾesˈeɾ,s
ɾeapaɾˈeskas,ɾeapaɾesˈeɾ,s
eskosˈemos,eskosˈeɾ,s
elˈiçes,eliçˈiɾ,ç
lanɡidˈeskas,lanɡidesˈeɾ,s
ɾeapaɾeskˈajs,ɾeapaɾesˈeɾ,s
eliçˈimos,eliçˈiɾ,ç
ɾedˈisen,ɾedesˈiɾ,s
antediɡˈamos,antedesˈiɾ,s
pɾedesˈimos,pɾedesˈiɾ,s
ataɾdˈeska,ataɾdesˈeɾ,s
atenɡˈamos,atenˈeɾ,n
adoɾmˈeskas,adoɾmesˈeɾ,s
intelˈiçes,inteliçˈiɾ,ç
sˈuɾsa,suɾsˈiɾ,ɾs
aboreskˈamos,aboresˈeɾ,s
enlokˈeses,enlokesˈeɾ,s
apˈonɡan,aponˈeɾ,n
ofɾˈeska,ofɾesˈeɾ,s
enlokˈeska,enlokesˈeɾ,s
despaɾesˈejs,despaɾesˈeɾ,s
despaɾˈesen,despaɾesˈeɾ,s
debˈenɡas,debenˈiɾ,n
ˈuɾçen,uɾçˈiɾ,ɾç
pɾebenˈimos,pɾebenˈiɾ,n
ofɾeskˈamos,ofɾesˈeɾ,s
enlokesˈemos,enlokesˈeɾ,s
ɾediɾixˈamos,ɾediɾiçˈiɾ,ç
adʃˈases,adʃasˈeɾ,s
despaɾˈeskas,despaɾesˈeɾ,s
edˈuskan,edusˈiɾ,s
ɾetɾotɾˈaen,ɾetɾotɾaˈeɾ,
ofɾˈesen,ofɾesˈeɾ,s
enlokeskˈamos,enlokesˈeɾ,s
sostenɡˈajs,sostenˈeɾ,n
ɾeapaɾˈeskan,ɾeapaɾesˈeɾ,s
ɾeponˈejs,ɾeponˈeɾ,n
fɾˈanxan,fɾançˈiɾ,nç
kopɾodˈusen,kopɾodusˈiɾ,s
adʃˈasen,adʃasˈeɾ,s
ʃukstaponˈemos,ʃukstaponˈeɾ,n
ɾetjˈenen,ɾetenˈeɾ,n
aponˈejs,aponˈeɾ,n
adoɾmˈeskan,adoɾmesˈeɾ,s
adoɾmeskˈamos,adoɾmesˈeɾ,s
adoɾmˈeska,adoɾmesˈeɾ,s
empobɾˈeska,empobɾesˈeɾ,s
pɾediɡˈamos,pɾedesˈiɾ,s
despaɾesˈemos,despaɾesˈeɾ,s
eɾˈiçen,eɾiçˈiɾ,ç
amanˈese,amanesˈeɾ,s
dedˈusen,dedusˈiɾ,s
enlokˈesko,enlokesˈeɾ,s
adoɾmesˈemos,adoɾmesˈeɾ,s
ɾeapaɾˈese,ɾeapaɾesˈeɾ,s
ataɾdˈesko,ataɾdesˈeɾ,s
sobɾesˈalen,sobɾesalˈiɾ,l
pɾedˈiɡan,pɾedesˈiɾ,s
dedˈuska,dedusˈiɾ,s
enbilˈeska,enbilesˈeɾ,s
atˈenɡo,atenˈeɾ,n
dedˈusko,dedusˈiɾ,s
ˈuɾxa,uɾçˈiɾ,ɾç
lanɡidˈeskan,lanɡidesˈeɾ,s
apetˈeska,apetesˈeɾ,s
emunxˈamos,emunçˈeɾ,nç
eduskˈajs,edusˈiɾ,s
oponˈemos,oponˈeɾ,n
apetˈese,apetesˈeɾ,s
amanesˈemos,amanesˈeɾ,s
enbilˈese,enbilesˈeɾ,s
exˈeɾso,exeɾsˈeɾ,ɾs
ofɾˈese,ofɾesˈeɾ,s
pɾedesˈis,pɾedesˈiɾ,s
substɾˈajɡas,substɾaˈeɾ,
destwˈeɾses,destoɾsˈeɾ,ɾs
embeʃˈeses,embeʃesˈeɾ,s
pɾedˈise,pɾedesˈiɾ,s
debenɡˈamos,debenˈiɾ,n
ɾeponˈemos,ɾeponˈeɾ,n
emˈunxo,emunçˈeɾ,nç
adoɾmˈesko,adoɾmesˈeɾ,s
obtenˈemos,obtenˈeɾ,n
funxˈajs,funçˈiɾ,nç
debjˈenes,debenˈiɾ,n
ɾeapaɾesˈejs,ɾeapaɾesˈeɾ,s
sostjˈenen,sostenˈeɾ,n
sobɾesalɡˈajs,sobɾesalˈiɾ,l
dedusˈis,dedusˈiɾ,s
deɾelinkˈimos,deɾelinkˈiɾ,nk
ɾeasˈejs,ɾeasˈeɾ,s
kopɾodˈusko,kopɾodusˈiɾ,s
emunçˈejs,emunçˈeɾ,nç
funçˈis,funçˈiɾ,nç
opˈonɡas,oponˈeɾ,n
desobedˈeses,desobedesˈeɾ,s
atjˈenes,atenˈeɾ,n
deɾelinkˈis,deɾelinkˈiɾ,nk
desbanˈeses,desbanesˈeɾ,s
tɾaˈejs,tɾaˈeɾ,
dedusˈimos,dedusˈiɾ,s
amanˈesen,amanesˈeɾ,s
antedˈiɡan,antedesˈiɾ,s
obtˈenɡo,obtenˈeɾ,n
apetesˈemos,apetesˈeɾ,s
diɾixˈamos,diɾiçˈiɾ,ç
antedˈisen,antedesˈiɾ,s
ɾetjˈenes,ɾetenˈeɾ,n
adoɾmˈese,adoɾmesˈeɾ,s
apetesˈejs,apetesˈeɾ,s
kopɾodˈuse,kopɾodusˈiɾ,s
adoɾmˈesen,adoɾmesˈeɾ,s
dedˈuses,dedusˈiɾ,s
antedˈise,antedesˈiɾ,s
empobɾˈese,empobɾesˈeɾ,s
funçˈimos,funçˈiɾ,nç
sˈuɾse,suɾsˈiɾ,ɾs
suɾsˈimos,suɾsˈiɾ,ɾs
embeʃesˈejs,embeʃesˈeɾ,s
sostˈenɡas,sostenˈeɾ,n
opˈonɡa,oponˈeɾ,n
kopɾodˈuska,kopɾodusˈiɾ,s
ɾetenɡˈamos,ɾetenˈeɾ,n
enlokˈese,enlokesˈeɾ,s
ofɾˈeses,ofɾesˈeɾ,s
enbilesˈemos,enbilesˈeɾ,s
ekstɾaˈemos,ekstɾaˈeɾ,
substɾˈaes,substɾaˈeɾ,
atˈenɡas,atenˈeɾ,n
adʃaskˈamos,adʃasˈeɾ,s
deɾelˈinko,deɾelinkˈiɾ,nk
exeɾsˈemos,exeɾsˈeɾ,ɾs
deɾelˈinkan,deɾelinkˈiɾ,nk
suɾsˈajs,suɾsˈiɾ,ɾs
deduskˈajs,dedusˈiɾ,s
desasˈimos,desasˈiɾ,s
diɾˈixo,diɾiçˈiɾ,ç
sobɾesˈalɡa,sobɾesalˈiɾ,l
aponɡˈamos,aponˈeɾ,n
desapaɾˈeska,desapaɾesˈeɾ,s
destwˈeɾsan,destoɾsˈeɾ,ɾs
obtjˈenes,obtenˈeɾ,n
intelˈixa,inteliçˈiɾ,ç
inteɾbjˈenes,inteɾbenˈiɾ,n
adoɾmeskˈajs,adoɾmesˈeɾ,s
enkaʃˈeskas,enkaʃesˈeɾ,s
ofɾesˈemos,ofɾesˈeɾ,s
ɾedesˈis,ɾedesˈiɾ,s
funxˈamos,funçˈiɾ,nç
desapaɾeskˈamos,desapaɾesˈeɾ,s
pɾebˈenɡan,pɾebenˈiɾ,n
ɾediɾˈixo,ɾediɾiçˈiɾ,ç
lanɡideskˈamos,lanɡidesˈeɾ,s
ʃukstapˈonɡan,ʃukstaponˈeɾ,n
enlˈuskas,enlusˈiɾ,s
amaneskˈamos,amanesˈeɾ,s
ofɾˈesko,ofɾesˈeɾ,s
diɾˈiçes,diɾiçˈiɾ,ç
sˈuɾso,suɾsˈiɾ,ɾs
destoɾsˈamos,destoɾsˈeɾ,ɾs
destoɾsˈejs,destoɾsˈeɾ,ɾs
ekibalɡˈamos,ekibalˈeɾ,l
desapaɾeskˈajs,desapaɾesˈeɾ,s
sˈuɾsen,suɾsˈiɾ,ɾs
eskwˈesas,eskosˈeɾ,s
sostenˈejs,sostenˈeɾ,n
atˈenɡa,atenˈeɾ,n
apetˈesen,apetesˈeɾ,s
inteliçˈis,inteliçˈiɾ,ç
adoɾmesˈejs,adoɾmesˈeɾ,s
desbanˈesko,desbanesˈeɾ,s
enlokesˈejs,enlokesˈeɾ,s
desˈasɡa,desasˈiɾ,s
eɾixˈajs,eɾiçˈiɾ,ç
despaɾeskˈamos,despaɾesˈeɾ,s
enbilˈeskas,enbilesˈeɾ,s
ɾepˈonen,ɾeponˈeɾ,n
enlokˈeskas,enlokesˈeɾ,s
fɾˈançes,fɾançˈiɾ,nç
ekstɾˈajɡo,ekstɾaˈeɾ,
antedesˈis,antedesˈiɾ,s
amanesˈejs,amanesˈeɾ,s
sobɾesˈalɡo,sobɾesalˈiɾ,l
embeʃˈeska,embeʃesˈeɾ,s
ɾetɾotɾˈae,ɾetɾotɾaˈeɾ,
elˈiçe,eliçˈiɾ,ç
ataɾdˈese,ataɾdesˈeɾ,s
substɾˈajɡa,substɾaˈeɾ,
tɾˈajɡas,tɾaˈeɾ,
ekstɾˈajɡan,ekstɾaˈeɾ,
ɾeapaɾesˈemos,ɾeapaɾesˈeɾ,s
ɾeaɡˈamos,ɾeasˈeɾ,s
deɾelˈinkas,deɾelinkˈiɾ,nk
embeʃesˈemos,embeʃesˈeɾ,s
fɾanxˈamos,fɾançˈiɾ,nç
atenɡˈajs,atenˈeɾ,n
ekstɾajɡˈamos,ekstɾaˈeɾ,
ɾeapaɾeskˈamos,ɾeapaɾesˈeɾ,s
ɾetɾotɾˈajɡa,ɾetɾotɾaˈeɾ,
ɾeapaɾˈeska,ɾeapaɾesˈeɾ,s
ɾediɾˈixa,ɾediɾiçˈiɾ,ç
pɾebjˈenen,pɾebenˈiɾ,n
obtjˈenen,obtenˈeɾ,n
despaɾˈesko,despaɾesˈeɾ,s
ʃukstaponɡˈajs,ʃukstaponˈeɾ,n
edusˈis,edusˈiɾ,s
empobɾesˈemos,empobɾesˈeɾ,s
aborˈeska,aboresˈeɾ,s
enkaʃˈesen,enkaʃesˈeɾ,s
ekstɾˈajɡas,ekstɾaˈeɾ,
lanɡidesˈejs,lanɡidesˈeɾ,s
ɾetenˈemos,ɾetenˈeɾ,n
desbaneskˈamos,desbanesˈeɾ,s
aponˈemos,aponˈeɾ,n
sostjˈenes,sostenˈeɾ,n
sobɾesalˈis,sobɾesalˈiɾ,l
dedˈuse,dedusˈiɾ,s
embeʃˈese,embeʃesˈeɾ,s
inteɾbˈenɡa,inteɾbenˈiɾ,n
emunxˈajs,emunçˈeɾ,nç
